{
  "train_loss": [
    3.978232052540948,
    3.2962972411170304,
    2.9568019829569,
    2.7371661760613493,
    2.562555122744521,
    2.416214335520264,
    2.289168220168575,
    2.186150300410519,
    2.136611669750204,
    2.063832937228352,
    1.9965141601584484,
    1.9556567000730336,
    1.9205751714686006,
    1.8715103639716983,
    1.8635396389126602,
    1.839097760820161,
    1.8045419396275295,
    1.8068058674091683,
    1.8060364855900248,
    1.775154603640605,
    1.7816482817107913,
    1.780674423394909,
    1.781544197553782,
    1.7709428136556404,
    1.7734393521507863
  ],
  "train_acc": [
    0.20747571216861518,
    0.33854767001481967,
    0.3991437510291454,
    0.4378396179812284,
    0.46714967890663595,
    0.4918491684505187,
    0.5170426477852791,
    0.538778198583896,
    0.5447060760744278,
    0.5613370657006422,
    0.568746912563807,
    0.5820846369175037,
    0.5858718919808991,
    0.5944343816894451,
    0.5965750041165816,
    0.6021735550798617,
    0.6104067182611559,
    0.6033261979252429,
    0.6095834019430265,
    0.6128766672155442,
    0.608924748888523,
    0.6166639222789395,
    0.608924748888523,
    0.6132059937427959,
    0.616169932488062
  ],
  "val_loss": [
    3.5162940380576937,
    3.1383375652740995,
    2.9118477181172406,
    2.738991467450987,
    2.577276561300509,
    2.4847751927265924,
    2.3700230711249897,
    2.340105581576557,
    2.2585392379174767,
    2.2278799944758965,
    2.1786523231529786,
    2.1513245589172785,
    2.11581009141128,
    2.087418196204987,
    2.0694122959025627,
    2.0738044085407403,
    2.0996647423130392,
    2.0436536855595087,
    2.073002205466345,
    2.033540692014445,
    2.027327699045981,
    2.018721376879058,
    2.045975163235642,
    2.0316217520636166,
    2.0012359329815466
  ],
  "val_acc": [
    0.30721966205837176,
    0.38095238095238093,
    0.4185867895545315,
    0.45698924731182794,
    0.48540706605222733,
    0.49539170506912444,
    0.5207373271889401,
    0.5261136712749616,
    0.5368663594470046,
    0.5353302611367128,
    0.5514592933947773,
    0.553763440860215,
    0.5491551459293394,
    0.5560675883256528,
    0.5529953917050692,
    0.554531490015361,
    0.5514592933947773,
    0.5768049155145929,
    0.5599078341013825,
    0.5629800307219662,
    0.5583717357910907,
    0.5645161290322581,
    0.554531490015361,
    0.5660522273425499,
    0.5752688172043011
  ]
}