{
  "model": "efficientnet_b0",
  "image_size": 128,
  "augment": true,
  "optimizer": "adamw",
  "test_accuracy": 0.8509984639016898,
  "top5_accuracy": 0.9546850998463902,
  "precision_macro": 0.8094821916411771,
  "precision_weighted": 0.8581218792873136,
  "recall_macro": 0.7860425261898147,
  "recall_weighted": 0.8509984639016898,
  "f1_macro": 0.7841826223670231,
  "f1_weighted": 0.8467344370375816,
  "per_class_accuracy": {
    "Faces": 0.9696969696969697,
    "Faces_easy": 0.9090909090909091,
    "Leopards": 0.9666666666666667,
    "Motorbikes": 1.0,
    "accordion": 1.0,
    "airplanes": 0.9416666666666667,
    "anchor": 0.16666666666666666,
    "ant": 0.8333333333333334,
    "barrel": 1.0,
    "bass": 0.375,
    "beaver": 0.2857142857142857,
    "binocular": 0.8,
    "bonsai": 0.8421052631578947,
    "brain": 0.9333333333333333,
    "brontosaurus": 0.16666666666666666,
    "buddha": 0.9230769230769231,
    "butterfly": 0.7857142857142857,
    "camera": 0.5714285714285714,
    "cannon": 0.5,
    "car_side": 1.0,
    "ceiling_fan": 0.8571428571428571,
    "cellphone": 1.0,
    "chair": 0.7,
    "chandelier": 0.75,
    "cougar_body": 0.2857142857142857,
    "cougar_face": 0.8,
    "crab": 0.45454545454545453,
    "crayfish": 0.5,
    "crocodile": 0.625,
    "crocodile_head": 0.8571428571428571,
    "cup": 0.875,
    "dalmatian": 1.0,
    "dollar_bill": 0.875,
    "dolphin": 0.8,
    "dragonfly": 0.8,
    "electric_guitar": 0.2727272727272727,
    "elephant": 0.8,
    "emu": 0.75,
    "euphonium": 0.7777777777777778,
    "ewer": 1.0,
    "ferry": 1.0,
    "flamingo": 1.0,
    "flamingo_head": 0.5714285714285714,
    "garfield": 1.0,
    "gerenuk": 0.8,
    "gramophone": 0.625,
    "grand_piano": 1.0,
    "hawksbill": 0.8666666666666667,
    "headphone": 0.5714285714285714,
    "hedgehog": 0.875,
    "helicopter": 0.7692307692307693,
    "ibis": 0.8333333333333334,
    "inline_skate": 0.6,
    "joshua_tree": 0.8888888888888888,
    "kangaroo": 0.8461538461538461,
    "ketch": 0.8823529411764706,
    "lamp": 0.8888888888888888,
    "laptop": 0.9166666666666666,
    "llama": 0.7272727272727273,
    "lobster": 0.6666666666666666,
    "lotus": 0.4,
    "mandolin": 0.6666666666666666,
    "mayfly": 0.5,
    "menorah": 1.0,
    "metronome": 0.8,
    "minaret": 1.0,
    "nautilus": 0.8888888888888888,
    "octopus": 0.6,
    "okapi": 1.0,
    "pagoda": 1.0,
    "panda": 1.0,
    "pigeon": 1.0,
    "pizza": 1.0,
    "platypus": 0.6,
    "pyramid": 1.0,
    "revolver": 0.8461538461538461,
    "rhino": 0.8888888888888888,
    "rooster": 0.875,
    "saxophone": 0.5,
    "schooner": 0.5555555555555556,
    "scissors": 1.0,
    "scorpion": 0.9230769230769231,
    "sea_horse": 0.875,
    "snoopy": 0.8,
    "soccer_ball": 0.8888888888888888,
    "stapler": 0.8571428571428571,
    "starfish": 0.6923076923076923,
    "stegosaurus": 0.5555555555555556,
    "stop_sign": 1.0,
    "strawberry": 1.0,
    "sunflower": 1.0,
    "tick": 1.0,
    "trilobite": 1.0,
    "umbrella": 0.9090909090909091,
    "watch": 0.9444444444444444,
    "water_lilly": 0.5,
    "wheelchair": 0.4444444444444444,
    "wild_cat": 0.8,
    "windsor_chair": 0.8888888888888888,
    "wrench": 0.3333333333333333,
    "yin_yang": 0.7777777777777778
  },
  "per_class": {
    "Faces": {
      "precision": 0.9142857142857143,
      "recall": 0.9696969696969697,
      "f1": 0.9411764705882353,
      "support": 66
    },
    "Faces_easy": {
      "precision": 0.967741935483871,
      "recall": 0.9090909090909091,
      "f1": 0.9375,
      "support": 66
    },
    "Leopards": {
      "precision": 0.9354838709677419,
      "recall": 0.9666666666666667,
      "f1": 0.9508196721311475,
      "support": 30
    },
    "Motorbikes": {
      "precision": 0.967741935483871,
      "recall": 1.0,
      "f1": 0.9836065573770492,
      "support": 120
    },
    "accordion": {
      "precision": 1.0,
      "recall": 1.0,
      "f1": 1.0,
      "support": 8
    },
    "airplanes": {
      "precision": 0.9495798319327731,
      "recall": 0.9416666666666667,
      "f1": 0.9456066945606695,
      "support": 120
    },
    "anchor": {
      "precision": 0.5,
      "recall": 0.16666666666666666,
      "f1": 0.25,
      "support": 6
    },
    "ant": {
      "precision": 0.8333333333333334,
      "recall": 0.8333333333333334,
      "f1": 0.8333333333333334,
      "support": 6
    },
    "barrel": {
      "precision": 0.875,
      "recall": 1.0,
      "f1": 0.9333333333333333,
      "support": 7
    },
    "bass": {
      "precision": 1.0,
      "recall": 0.375,
      "f1": 0.5454545454545454,
      "support": 8
    },
    "beaver": {
      "precision": 0.3333333333333333,
      "recall": 0.2857142857142857,
      "f1": 0.3076923076923077,
      "support": 7
    },
    "binocular": {
      "precision": 0.5714285714285714,
      "recall": 0.8,
      "f1": 0.6666666666666666,
      "support": 5
    },
    "bonsai": {
      "precision": 0.8888888888888888,
      "recall": 0.8421052631578947,
      "f1": 0.8648648648648649,
      "support": 19
    },
    "brain": {
      "precision": 1.0,
      "recall": 0.9333333333333333,
      "f1": 0.9655172413793104,
      "support": 15
    },
    "brontosaurus": {
      "precision": 1.0,
      "recall": 0.16666666666666666,
      "f1": 0.2857142857142857,
      "support": 6
    },
    "buddha": {
      "precision": 0.9230769230769231,
      "recall": 0.9230769230769231,
      "f1": 0.9230769230769231,
      "support": 13
    },
    "butterfly": {
      "precision": 0.7333333333333333,
      "recall": 0.7857142857142857,
      "f1": 0.7586206896551724,
      "support": 14
    },
    "camera": {
      "precision": 1.0,
      "recall": 0.5714285714285714,
      "f1": 0.7272727272727273,
      "support": 7
    },
    "cannon": {
      "precision": 0.75,
      "recall": 0.5,
      "f1": 0.6,
      "support": 6
    },
    "car_side": {
      "precision": 1.0,
      "recall": 1.0,
      "f1": 1.0,
      "support": 19
    },
    "ceiling_fan": {
      "precision": 0.75,
      "recall": 0.8571428571428571,
      "f1": 0.8,
      "support": 7
    },
    "cellphone": {
      "precision": 0.6,
      "recall": 1.0,
      "f1": 0.75,
      "support": 9
    },
    "chair": {
      "precision": 0.5833333333333334,
      "recall": 0.7,
      "f1": 0.6363636363636364,
      "support": 10
    },
    "chandelier": {
      "precision": 0.8571428571428571,
      "recall": 0.75,
      "f1": 0.8,
      "support": 16
    },
    "cougar_body": {
      "precision": 0.25,
      "recall": 0.2857142857142857,
      "f1": 0.26666666666666666,
      "support": 7
    },
    "cougar_face": {
      "precision": 0.8,
      "recall": 0.8,
      "f1": 0.8,
      "support": 10
    },
    "crab": {
      "precision": 0.5,
      "recall": 0.45454545454545453,
      "f1": 0.47619047619047616,
      "support": 11
    },
    "crayfish": {
      "precision": 0.5,
      "recall": 0.5,
      "f1": 0.5,
      "support": 10
    },
    "crocodile": {
      "precision": 0.5555555555555556,
      "recall": 0.625,
      "f1": 0.5882352941176471,
      "support": 8
    },
    "crocodile_head": {
      "precision": 0.8571428571428571,
      "recall": 0.8571428571428571,
      "f1": 0.8571428571428571,
      "support": 7
    },
    "cup": {
      "precision": 1.0,
      "recall": 0.875,
      "f1": 0.9333333333333333,
      "support": 8
    },
    "dalmatian": {
      "precision": 1.0,
      "recall": 1.0,
      "f1": 1.0,
      "support": 10
    },
    "dollar_bill": {
      "precision": 0.875,
      "recall": 0.875,
      "f1": 0.875,
      "support": 8
    },
    "dolphin": {
      "precision": 1.0,
      "recall": 0.8,
      "f1": 0.8888888888888888,
      "support": 10
    },
    "dragonfly": {
      "precision": 0.7272727272727273,
      "recall": 0.8,
      "f1": 0.7619047619047619,
      "support": 10
    },
    "electric_guitar": {
      "precision": 0.3333333333333333,
      "recall": 0.2727272727272727,
      "f1": 0.3,