{
  "train_loss": [
    1.8914788424546687,
    0.5339221593017695,
    0.3329232578912206,
    0.2441382501234475,
    0.20426683036112694,
    0.17408603469053094,
    0.15342815742497778,
    0.12646967796591937,
    0.11730586237887682,
    0.1082573165988561,
    0.1016278429106847,
    0.09383489846663048,
    0.08601889643427392,
    0.07994631461329266,
    0.08012888303908959,
    0.07325394805315277,
    0.07204733793506429,
    0.06598823059214687,
    0.07222679143358392,
    0.06706358683270244,
    0.0745771485111691,
    0.06995573277400723,
    0.06730224918307258,
    0.0714279719110515,
    0.06491684929584134
  ],
  "train_acc": [
    0.6774246665568912,
    0.9063066029968714,
    0.9403918985674296,
    0.955540918821011,
    0.9621274493660464,
    0.9665733574839454,
    0.9675613370657007,
    0.9753005104561172,
    0.9795817553103903,
    0.981393051210275,
    0.982875020582908,
    0.9840276634282892,
    0.9846863164827927,
    0.9889675613370656,
    0.9873209287008069,
    0.9888028980734398,
    0.9878149184916845,
    0.9907788572369505,
    0.9891322246006916,
    0.9889675613370656,
    0.9863329491190516,
    0.9869916021735551,
    0.9906141939733245,
    0.9888028980734398,
    0.9907788572369505
  ],
  "val_loss": [
    0.7051095036867028,
    0.4391913239582343,
    0.34344086073876895,
    0.3176294062086331,
    0.2864200302990534,
    0.27663074129371235,
    0.2621959982334011,
    0.25997912803644774,
    0.25355116111983167,
    0.24428595279768314,
    0.25002854238457395,
    0.2320658804222186,
    0.24026262167320456,
    0.24208989812664905,
    0.23416269216943997,
    0.22658054482552312,
    0.22862769752603523,
    0.22205502433436258,
    0.22651356563956324,
    0.22993870889810922,
    0.22361856584541626,
    0.226472379379375,
    0.22620605756335543,
    0.23222456481050235,
    0.22271163436582744
  ],
  "val_acc": [
    0.9024577572964669,
    0.9185867895545314,
    0.9262672811059908,
    0.923963133640553,
    0.9362519201228878,
    0.9301075268817204,
    0.9385560675883257,
    0.9393241167434716,
    0.934715821812596,
    0.9393241167434716,
    0.9408602150537635,
    0.9416282642089093,
    0.9400921658986175,
    0.9393241167434716,
    0.9408602150537635,
    0.946236559139785,
    0.9393241167434716,
    0.9385560675883257,
    0.9393241167434716,
    0.9431643625192012,
    0.9470046082949308,
    0.9416282642089093,
    0.9400921658986175,
    0.9408602150537635,
    0.9439324116743472
  ]
}