{
  "train_loss": [
    3.061170520999179,
    1.905669075740379,
    1.6006573921723715,
    1.4312328577787543,
    1.3175349450869083,
    1.2359165365252722,
    1.1621102929488254,
    1.082156675132401,
    1.0768650388788317,
    1.0220797594661828,
    0.9797322412662327,
    0.9706770693590393,
    0.9465956138304308,
    0.9032600492695382,
    0.9116168069462594,
    0.8839635598920587,
    0.8590411972650169,
    0.8676216824235701,
    0.8586216735502218,
    0.8318246410251469,
    0.8415995431598046,
    0.8334024593187442,
    0.8497966259506925,
    0.8223272954418497,
    0.8319369699580851
  ],
  "train_acc": [
    0.3746089247488885,
    0.5667709534002964,
    0.6145232998518031,
    0.6494319117404906,
    0.6693561666392228,
    0.6912563807014656,
    0.7009715132553928,
    0.7227070640540095,
    0.719249135517866,
    0.7368681047258356,
    0.7418080026346122,
    0.739338053680224,
    0.7480652066523958,
    0.7571216861518195,
    0.7541577474065536,
    0.767824798287502,
    0.7726000329326528,
    0.7734233492507822,
    0.7706240737691421,
    0.7791865634776881,
    0.7760579614687964,
    0.7775399308414292,
    0.7716120533508974,
    0.7778692573686811,
    0.7819858389593282
  ],
  "val_loss": [
    2.2467202089166127,
    1.9637766810972386,
    1.9037195028431038,
    1.8285285635477937,
    1.7884633321366552,
    1.770874169198782,
    1.7245034823586132,
    1.8016761305145403,
    1.7389233317426456,
    1.7668132499981952,
    1.7688308168666154,
    1.7521971883495466,
    1.7476485852272279,
    1.7532286171539588,
    1.7333812753908828,
    1.7565467595687843,
    1.7911318776794294,
    1.7393368737122614,
    1.745019764394804,
    1.7322993410347793,
    1.7412209302049628,
    1.7300276243558494,
    1.7642074576171312,
    1.7170821675507155,
    1.7071686772523753
  ],
  "val_acc": [
    0.5192012288786483,
    0.5622119815668203,
    0.5752688172043011,
    0.5821812596006144,
    0.5852534562211982,
    0.5837173579109063,
    0.5998463901689708,
    0.5837173579109063,
    0.5990783410138248,
    0.6021505376344086,
    0.5990783410138248,
    0.5967741935483871,
    0.6006144393241167,
    0.6044546850998463,
    0.598310291858679,
    0.598310291858679,
    0.5929339477726574,
    0.6052227342549923,
    0.5975422427035331,
    0.6067588325652842,
    0.6059907834101382,
    0.6144393241167435,
    0.6006144393241167,
    0.6036866359447005,
    0.6059907834101382
  ]
}