{
  "train_loss": [
    3.816280385718871,
    2.963956578528098,
    2.5451334861521073,
    2.2238180056918537,
    1.9838865669166632,
    1.7703963861853331,
    1.607322921749789,
    1.4622928691463888,
    1.3546695075591784,
    1.271199028593654,
    1.191668416294454,
    1.1305005935905754,
    1.078134918004819,
    1.045536796166872,
    1.0114932816365827,
    0.9760719740702885,
    0.9475308358423914,
    0.9340433175964644,
    0.9175092387823617,
    0.9049171264886503,
    0.8965319604118318,
    0.8953766821833472,
    0.8953261486333304,
    0.8952774683431604,
    0.8954470775949097
  ],
  "train_acc": [
    0.25753334431088426,
    0.4343816894450848,
    0.5722048410999506,
    0.660464350403425,
    0.7115099621274493,
    0.760744277951589,
    0.7875843899226083,
    0.8150831549481311,
    0.8303968384653384,
    0.8402766342828915,
    0.8590482463362424,
    0.8570722871727318,
    0.8679400625720401,
    0.8717273176354355,
    0.8804544706076074,
    0.8849003787255063,
    0.8857236950436358,
    0.8903342664251606,
    0.8921455623250453,
    0.8936275316976783,
    0.89395685822493,
    0.8890169603161535,
    0.8947801745430595,
    0.8970854602338219,
    0.8949448378066853
  ],
  "val_loss": [
    3.200737181530204,
    2.6993148275600967,
    2.338493539074782,
    2.079696238132483,
    1.855657123750256,
    1.652676234230651,
    1.5173306214278377,
    1.4113029653575564,
    1.2867454513792984,
    1.214745348133433,
    1.1558710257944789,
    1.073460210303557,
    1.0442742079999956,
    1.018880425876553,
    0.9750176992284537,
    0.9514242064568305,
    0.9286694394827988,
    0.9228859501683401,
    0.9235160728020968,
    0.8967534081177777,
    0.8895845293266249,
    0.8968150932484874,
    0.8757026048116786,
    0.8967963440626997,
    0.8987572631711418
  ],
  "val_acc": [
    0.43164362519201227,
    0.6129032258064516,
    0.6935483870967742,
    0.7557603686635944,
    0.783410138248848,
    0.8072196620583717,
    0.8210445468509985,
    0.836405529953917,
    0.8440860215053764,
    0.8571428571428571,
    0.8640552995391705,
    0.8748079877112135,
    0.8740399385560675,
    0.8832565284178188,
    0.8955453149001537,
    0.890937019969278,
    0.8955453149001537,
    0.8932411674347158,
    0.8955453149001537,
    0.8924731182795699,
    0.8963133640552995,
    0.8978494623655914,
    0.890937019969278,
    0.8924731182795699,
    0.8955453149001537
  ]
}