{
  "train_loss": [
    1.928271347876143,
    0.53077177242826,
    0.32645186131659676,
    0.23250841984742165,
    0.18692909011814518,
    0.14796689710928387,
    0.1274843879661155,
    0.10400691133059368,
    0.09722329604749368,
    0.08573561723034405,
    0.07556823930656636,
    0.06761525969209495,
    0.06465435580275468,
    0.06152914484839217,
    0.05689549749380043,
    0.05650969011356072,
    0.05123278087505875,
    0.05219765359291366,
    0.050521169782847916,
    0.04882373038857866,
    0.046350464619243435,
    0.0472165236914205,
    0.046751386411310165,
    0.04845560313856191,
    0.04562894688855084
  ],
  "train_acc": [
    0.6698501564301005,
    0.9171743783961798,
    0.9395685822493002,
    0.9604808167297876,
    0.9683846533838301,
    0.975629836983369,
    0.9780997859377573,
    0.9836983369010374,
    0.9840276634282892,
    0.9855096328009221,
    0.9889675613370656,
    0.991437510291454,
    0.991437510291454,
    0.990120204182447,
    0.9937427959822164,
    0.9911081837642022,
    0.9944014490367199,
    0.9925901531368352,
    0.9930841429277129,
    0.9922608266095834,
    0.9930841429277129,
    0.9940721225094682,
    0.9939074592458422,
    0.9932488061913387,
    0.9950601020912234
  ],
  "val_loss": [
    0.7449299839601355,
    0.45743808292207266,
    0.3643802189698783,
    0.32988805874335236,
    0.29822965554561115,
    0.2807955577076855,
    0.26888950352203644,
    0.27349724491254157,
    0.2570089633746814,
    0.2545731444649982,
    0.2579363542859272,
    0.24401773631389606,
    0.2501915016893967,
    0.24884345756697765,
    0.23994904429224045,
    0.2378999104468687,
    0.239908118745149,
    0.23167352948320627,
    0.23429866009227324,
    0.23589918340131436,
    0.23327115482540542,
    0.23144663865756696,
    0.23359448843837333,
    0.244369058153047,
    0.23120297917297908
  ],
  "val_acc": [
    0.8894009216589862,
    0.9201228878648233,
    0.9231950844854071,
    0.9254992319508448,
    0.9316436251920123,
    0.9362519201228878,
    0.9316436251920123,
    0.9285714285714286,
    0.9354838709677419,
    0.9285714285714286,
    0.9308755760368663,
    0.9370199692780338,
    0.9316436251920123,
    0.9331797235023042,
    0.9301075268817204,
    0.9370199692780338,
    0.934715821812596,
    0.9377880184331797,
    0.9324116743471582,
    0.9362519201228878,
    0.9362519201228878,
    0.9354838709677419,
    0.9370199692780338,
    0.9308755760368663,
    0.9339477726574501
  ]
}