{
  "train_loss": [
    3.769873611502645,
    2.959672235253025,
    2.5442172567828294,
    2.230897331913044,
    1.998962464941877,
    1.8069458964549001,
    1.6621869736323929,
    1.5307543731768285,
    1.4420658448137798,
    1.367369648339661,
    1.3011865997047494,
    1.236535413642505,
    1.1898521520976433,
    1.1674772480184668,
    1.1451642657551169,
    1.111411545817628,
    1.082395863144358,
    1.0580873727484392,
    1.0552457932995627,
    1.0425601066994192,
    1.0341573742023709,
    1.0353138915950297,
    1.0457325064525482,
    1.0290913757727485,
    1.029429429468205
  ],
  "train_acc": [
    0.25209945661123,
    0.41528075086448213,
    0.5361435863658818,
    0.616005269224436,
    0.6611230034579285,
    0.7017948295735221,
    0.7260003293265272,
    0.7498765025522806,
    0.7614029310060926,
    0.7829738185410835,
    0.7819858389593282,
    0.7941709204676437,
    0.809319940721225,
    0.8076733080849663,
    0.8078379713485921,
    0.8200230528569076,
    0.8221636752840441,
    0.8310554915198419,
    0.8308908282562161,
    0.8299028486744607,
    0.8297381854108349,
    0.8257862670838136,
    0.8249629507656842,
    0.8307261649925901,
    0.8295735221472089
  ],
  "val_loss": [
    3.1933905089505807,
    2.7368168534221735,
    2.3970241191383512,
    2.1576702697302705,
    1.9623636078724664,
    1.7953475069157356,
    1.6509084034991521,
    1.568411409397096,
    1.474803063726645,
    1.4122462596761467,
    1.373422899920087,
    1.2885156412095335,
    1.2816049133394538,
    1.2504792244569864,
    1.2262842226687665,
    1.1695491333710983,
    1.1772097649479059,
    1.1658586518189509,
    1.17164952505935,
    1.144606257547065,
    1.146768320906913,
    1.1714939878832908,
    1.1231397198092552,
    1.1577796051579137,
    1.1377132746481127
  ],
  "val_acc": [
    0.4001536098310292,
    0.5291858678955453,
    0.6067588325652842,
    0.6551459293394777,
    0.6774193548387096,
    0.6989247311827957,
    0.7265745007680492,
    0.7457757296466974,
    0.7580645161290323,
    0.7634408602150538,
    0.7749615975422427,
    0.7857142857142857,
    0.7841781874039938,
    0.7818740399385561,
    0.7949308755760369,
    0.7949308755760369,
    0.794162826420891,
    0.7987711213517665,
    0.7964669738863287,
    0.7980030721966206,
    0.7995391705069125,
    0.7956989247311828,
    0.8003072196620584,
    0.7980030721966206,
    0.8064516129032258
  ]
}