{
  "model": "efficientnet_b0",
  "image_size": 224,
  "augment": true,
  "optimizer": "adamw",
  "test_accuracy": 0.9431643625192012,
  "top5_accuracy": 0.9869431643625192,
  "precision_macro": 0.9310833330451189,
  "precision_weighted": 0.9468372510863585,
  "recall_macro": 0.9163377759287854,
  "recall_weighted": 0.9431643625192012,
  "f1_macro": 0.9191990651689059,
  "f1_weighted": 0.9423655158812697,
  "per_class_accuracy": {
    "Faces": 1.0,
    "Faces_easy": 0.9242424242424242,
    "Leopards": 1.0,
    "Motorbikes": 1.0,
    "accordion": 1.0,
    "airplanes": 0.9916666666666667,
    "anchor": 0.8333333333333334,
    "ant": 1.0,
    "barrel": 1.0,
    "bass": 0.75,
    "beaver": 0.5714285714285714,
    "binocular": 1.0,
    "bonsai": 0.8947368421052632,
    "brain": 0.9333333333333333,
    "brontosaurus": 0.8333333333333334,
    "buddha": 1.0,
    "butterfly": 0.9285714285714286,
    "camera": 1.0,
    "cannon": 0.8333333333333334,
    "car_side": 1.0,
    "ceiling_fan": 0.8571428571428571,
    "cellphone": 1.0,
    "chair": 0.8,
    "chandelier": 0.9375,
    "cougar_body": 0.8571428571428571,
    "cougar_face": 0.9,
    "crab": 0.9090909090909091,
    "crayfish": 1.0,
    "crocodile": 0.75,
    "crocodile_head": 1.0,
    "cup": 1.0,
    "dalmatian": 1.0,
    "dollar_bill": 0.875,
    "dolphin": 1.0,
    "dragonfly": 0.9,
    "electric_guitar": 0.9090909090909091,
    "elephant": 0.7,
    "emu": 1.0,
    "euphonium": 1.0,
    "ewer": 1.0,
    "ferry": 0.9,
    "flamingo": 0.9,
    "flamingo_head": 1.0,
    "garfield": 1.0,
    "gerenuk": 1.0,
    "gramophone": 0.875,
    "grand_piano": 1.0,
    "hawksbill": 1.0,
    "headphone": 0.7142857142857143,
    "hedgehog": 0.875,
    "helicopter": 0.9230769230769231,
    "ibis": 1.0,
    "inline_skate": 1.0,
    "joshua_tree": 1.0,
    "kangaroo": 1.0,
    "ketch": 0.8823529411764706,
    "lamp": 1.0,
    "laptop": 1.0,
    "llama": 1.0,
    "lobster": 0.5,
    "lotus": 0.6,
    "mandolin": 0.8333333333333334,
    "mayfly": 0.8333333333333334,
    "menorah": 0.9230769230769231,
    "metronome": 1.0,
    "minaret": 1.0,
    "nautilus": 1.0,
    "octopus": 0.6,
    "okapi": 1.0,
    "pagoda": 1.0,
    "panda": 1.0,
    "pigeon": 1.0,
    "pizza": 1.0,
    "platypus": 0.8,
    "pyramid": 1.0,
    "revolver": 0.9230769230769231,
    "rhino": 1.0,
    "rooster": 0.75,
    "saxophone": 1.0,
    "schooner": 0.7777777777777778,
    "scissors": 1.0,
    "scorpion": 0.9230769230769231,
    "sea_horse": 0.75,
    "snoopy": 0.8,
    "soccer_ball": 0.8888888888888888,
    "stapler": 1.0,
    "starfish": 1.0,
    "stegosaurus": 0.8888888888888888,
    "stop_sign": 1.0,
    "strawberry": 1.0,
    "sunflower": 1.0,
    "tick": 1.0,
    "trilobite": 1.0,
    "umbrella": 1.0,
    "watch": 1.0,
    "water_lilly": 0.6666666666666666,
    "wheelchair": 0.8888888888888888,
    "wild_cat": 0.8,
    "windsor_chair": 0.8888888888888888,
    "wrench": 0.6666666666666666,
    "yin_yang": 0.8888888888888888
  },
  "per_class": {
    "Faces": {
      "precision": 0.9295774647887324,
      "recall": 1.0,
      "f1": 0.9635036496350365,
      "support": 66
    },
    "Faces_easy": {
      "precision": 1.0,
      "recall": 0.9242424242424242,
      "f1": 0.9606299212598425,
      "support": 66
    },
    "Leopards": {
      "precision": 0.967741935483871,
      "recall": 1.0,
      "f1": 0.9836065573770492,
      "support": 30
    },
    "Motorbikes": {
      "precision": 0.9917355371900827,
      "recall": 1.0,
      "f1": 0.995850622406639,
      "support": 120
    },
    "accordion": {
      "precision": 1.0,
      "recall": 1.0,
      "f1": 1.0,
      "support": 8
    },
    "airplanes": {
      "precision": 0.9834710743801653,
      "recall": 0.9916666666666667,
      "f1": 0.9875518672199171,
      "support": 120
    },
    "anchor": {
      "precision": 0.7142857142857143,
      "recall": 0.8333333333333334,
      "f1": 0.7692307692307693,
      "support": 6
    },
    "ant": {
      "precision": 0.8571428571428571,
      "recall": 1.0,
      "f1": 0.9230769230769231,
      "support": 6
    },
    "barrel": {
      "precision": 1.0,
      "recall": 1.0,
      "f1": 1.0,
      "support": 7
    },
    "bass": {
      "precision": 1.0,
      "recall": 0.75,
      "f1": 0.8571428571428571,
      "support": 8
    },
    "beaver": {
      "precision": 0.6666666666666666,
      "recall": 0.5714285714285714,
      "f1": 0.6153846153846154,
      "support": 7
    },
    "binocular": {
      "precision": 1.0,
      "recall": 1.0,
      "f1": 1.0,
      "support": 5
    },
    "bonsai": {
      "precision": 0.8095238095238095,
      "recall": 0.8947368421052632,
      "f1": 0.85,
      "support": 19
    },
    "brain": {
      "precision": 0.9333333333333333,
      "recall": 0.9333333333333333,
      "f1": 0.9333333333333333,
      "support": 15
    },
    "brontosaurus": {
      "precision": 1.0,
      "recall": 0.8333333333333334,
      "f1": 0.9090909090909091,
      "support": 6
    },
    "buddha": {
      "precision": 1.0,
      "recall": 1.0,
      "f1": 1.0,
      "support": 13
    },
    "butterfly": {
      "precision": 0.8666666666666667,
      "recall": 0.9285714285714286,
      "f1": 0.896551724137931,
      "support": 14
    },
    "camera": {
      "precision": 1.0,
      "recall": 1.0,
      "f1": 1.0,
      "support": 7
    },
    "cannon": {
      "precision": 1.0,
      "recall": 0.8333333333333334,
      "f1": 0.9090909090909091,
      "support": 6
    },
    "car_side": {
      "precision": 1.0,
      "recall": 1.0,
      "f1": 1.0,
      "support": 19
    },
    "ceiling_fan": {
      "precision": 1.0,
      "recall": 0.8571428571428571,
      "f1": 0.9230769230769231,
      "support": 7
    },
    "cellphone": {
      "precision": 0.75,
      "recall": 1.0,
      "f1": 0.8571428571428571,
      "support": 9
    },
    "chair": {
      "precision": 0.8,
      "recall": 0.8,
      "f1": 0.8,
      "support": 10
    },
    "chandelier": {
      "precision": 0.9375,
      "recall": 0.9375,
      "f1": 0.9375,
      "support": 16
    },
    "cougar_body": {
      "precision": 1.0,
      "recall": 0.8571428571428571,
      "f1": 0.9230769230769231,
      "support": 7
    },
    "cougar_face": {
      "precision": 1.0,
      "recall": 0.9,
      "f1": 0.9473684210526315,
      "support": 10
    },
    "crab": {
      "precision": 0.8333333333333334,
      "recall": 0.9090909090909091,
      "f1": 0.8695652173913043,
      "support": 11
    },
    "crayfish": {
      "precision": 0.9090909090909091,
      "recall": 1.0,
      "f1": 0.9523809523809523,
      "support": 10
    },
    "crocodile": {
      "precision": 1.0,
      "recall": 0.75,
      "f1": 0.8571428571428571,
      "support": 8
    },
    "crocodile_head": {
      "precision": 0.875,
      "recall": 1.0,
      "f1": 0.9333333333333333,
      "support": 7
    },
    "cup": {
      "precision": 1.0,
      "recall": 1.0,
      "f1": 1.0,
      "support": 8
    },
    "dalmatian": {
      "precision": 1.0,
      "recall": 1.0,
      "f1": 1.0,
      "support": 10
    },
    "dollar_bill": {
      "precision": 1.0,
      "recall": 0.875,
      "f1": 0.9333333333333333,
      "support": 8
    },
    "dolphin": {
      "precision": 1.0,
      "recall": 1.0,
      "f1": 1.0,
      "support": 10
    },
    "dragonfly": {
      "precision": 0.9,
      "recall": 0.9,
      "f1": 0.9,
      "support": 10
    },
    "electric_guitar": {
      "precision": 0.8333333333333334,
      "recall": 0.9090909090909091,
      "f1": 0.8695652173913043,
      "support": 11
    },
    "elephant": {
      "precision": 0.875,
      "recall": 0.7,
      "f1": 0.7777777777777778,
      "support": 10
    },
    "emu": {
      "precision": 1.0,
      "recall": 1.0,
      "f1": 1.0,
      "support": 8
    },
    "euphonium": {
      "precision": 1.0,
      "recall": 1.0,
      "f1": 1.0,
      "support": 9
    },
    "ewer": {
      "precision": 1.0,
      "recall": 1.0,
      "f1": 1.0,