{
  "train_loss": [
    1.9293513067193033,
    0.5337771855585465,
    0.3301464842475071,
    0.23687741551017635,
    0.1919522052939025,
    0.153457197633819,
    0.13334676712903518,
    0.1101636363792396,
    0.10400629111852576,
    0.0924906766794471,
    0.08264803824274285,
    0.07497939108948368,
    0.07185347334333175,
    0.06898099362172976,
    0.06484162459165599,
    0.0644979413354022,
    0.0590160581453955,
    0.05987166396251585,
    0.05852836911012485,
    0.056617665858612644,
    0.054447709635653374,
    0.055419754648540355,
    0.05498968458660996,
    0.056393254301717016,
    0.05371484571904381
  ],
  "train_acc": [
    0.6698501564301005,
    0.9168450518689281,
    0.9394039189856743,
    0.9603161534661617,
    0.9680553268565782,
    0.9753005104561172,
    0.9779351226741314,
    0.9835336736374115,
    0.9840276634282892,
    0.9855096328009221,
    0.9881442450189363,
    0.9906141939733245,
    0.9911081837642022,
    0.990120204182447,
    0.9929194796640869,
    0.9912728470278281,
    0.9939074592458422,
    0.9922608266095834,
    0.9930841429277129,
    0.9924254898732093,
    0.9925901531368352,
    0.994236785773094,
    0.9932488061913387,
    0.9929194796640869,
    0.9950601020912234
  ],
  "val_loss": [
    0.7472446954561635,
    0.4603421951768585,
    0.36754574753721736,
    0.33355700141090766,
    0.3021204299000185,
    0.2848128660849529,
    0.27288575337687576,
    0.2779401231517074,
    0.2610782192370492,
    0.2588606804792416,
    0.2625431206918532,
    0.24797435379522736,
    0.2548994848621972,
    0.2532693921787215,
    0.24452541681570208,
    0.24255036772121483,
    0.24380328569177842,
    0.23590236826701097,
    0.23907533404739223,
    0.2397524654727927,
    0.23705167789155254,
    0.2362620621324501,
    0.23700712222932122,
    0.24868609171400788,
    0.23578689891713372
  ],
  "val_acc": [
    0.8894009216589862,
    0.9201228878648233,
    0.9231950844854071,
    0.9254992319508448,
    0.9308755760368663,
    0.9354838709677419,
    0.9324116743471582,
    0.9301075268817204,
    0.9362519201228878,
    0.9293394777265745,
    0.9331797235023042,
    0.9370199692780338,
    0.9308755760368663,
    0.9362519201228878,
    0.9308755760368663,
    0.9377880184331797,
    0.934715821812596,
    0.9362519201228878,
    0.9331797235023042,
    0.9370199692780338,
    0.9370199692780338,
    0.9370199692780338,
    0.9377880184331797,
    0.9308755760368663,
    0.9331797235023042
  ]
}