{
  "train_loss": [
    3.8227476346596805,
    2.978800627577939,
    2.568315627722926,
    2.254619100822877,
    2.0140047738604308,
    1.8005001973265697,
    1.6370322082259796,
    1.493006381253601,
    1.3943752744887623,
    1.2944977880407553,
    1.2230013336280259,
    1.1571919251053608,
    1.1022567174471172,
    1.0701484254806886,
    1.0331128958950675,
    1.0026213236799668,
    0.9692235692278,
    0.9583773835180777,
    0.946698191333559,
    0.9275840596628213,
    0.9179125617525241,
    0.9230817199715197,
    0.9227954463316467,
    0.9136603287548911,
    0.9164536645301343
  ],
  "train_acc": [
    0.2581919973653878,
    0.4309237609089412,
    0.5639716779186563,
    0.6535484933311378,
    0.7103573192820681,
    0.7571216861518195,
    0.7806685328503211,
    0.8101432570393545,
    0.8233163181294253,
    0.8369833690103737,
    0.8541083484274659,
    0.858224930018113,
    0.8697513584719249,
    0.8707393380536802,
    0.8802898073439815,
    0.8778198583895933,
    0.8870410011526428,
    0.8888522970525276,
    0.8888522970525276,
    0.894121521488556,
    0.8926395521159229,
    0.8893462868434052,
    0.8909929194796641,
    0.8885229705252758,
    0.8952741643339371
  ],
  "val_loss": [
    3.2138577375543833,
    2.7259354957604005,
    2.363926939883723,
    2.1125969615766347,
    1.8896456511888635,
    1.7011752555264124,
    1.5578237753676196,
    1.4587141881523777,
    1.3310115824463546,
    1.2556906400188323,
    1.2033518257961477,
    1.1157140138511834,
    1.094683314614948,
    1.0589900659526,
    1.0218918352815596,
    0.998479582014538,
    0.9779002347849481,
    0.9587550503867013,
    0.9635245745083154,
    0.9294980504362631,
    0.922603114592498,
    0.9363003892283286,
    0.9068628526686157,
    0.9396302877666397,
    0.9265947692588361
  ],
  "val_acc": [
    0.42857142857142855,
    0.6136712749615976,
    0.6889400921658986,
    0.7465437788018433,
    0.771889400921659,
    0.8018433179723502,
    0.8056835637480799,
    0.8317972350230415,
    0.8394777265745008,
    0.8463901689708141,
    0.8509984639016898,
    0.8632872503840245,
    0.8625192012288786,
    0.8786482334869432,
    0.8763440860215054,
    0.879416282642089,
    0.880184331797235,
    0.8863287250384024,
    0.8847926267281107,
    0.8786482334869432,
    0.8878648233486943,
    0.8894009216589862,
    0.8878648233486943,
    0.8847926267281107,
    0.8894009216589862
  ]
}