{
  "train_loss": [
    3.797941271249415,
    2.9893016687987095,
    2.591911644631745,
    2.28295468916988,
    2.056344304841687,
    1.864546365602865,
    1.7166112128620032,
    1.5860893016353816,
    1.5030944222342373,
    1.4258757009157608,
    1.3544158707060767,
    1.2964161096011004,
    1.2423734184389508,
    1.2133667751884178,
    1.1884781490258716,
    1.1628704922175301,
    1.1316475702945628,
    1.1146947702936731,
    1.0992587796648114,
    1.0973520190794699,
    1.087358132944495,
    1.0833797550821704,
    1.0917403682067723,
    1.0820291037027945,
    1.079096192350188
  ],
  "train_acc": [
    0.2469948954388276,
    0.4058949448378067,
    0.511608760085625,
    0.6000329326527252,
    0.6420220648773258,
    0.6833525440474231,
    0.71068664580932,
    0.7353861353532027,
    0.7533344310884241,
    0.7562983698336901,
    0.7758932982051704,
    0.7857730940227236,
    0.797958175531039,
    0.8004281244854273,
    0.802239420385312,
    0.8119545529392392,
    0.8149184916845051,
    0.8218343487567924,
    0.8215050222295406,
    0.8185410834842747,
    0.8177177671661452,
    0.8172237773752675,
    0.8243042977111806,
    0.8223283385476701,
    0.8277622262473242
  ],
  "val_loss": [
    3.208968619963357,
    2.7458368640524635,
    2.420976869155368,
    2.1858573875485843,
    1.981998333000734,
    1.8169221052193238,
    1.6816642483991047,
    1.60980916700788,
    1.5013184049345565,
    1.4474011892181022,
    1.4211505239460325,
    1.3468294760781683,
    1.323898030865577,
    1.2928097929273332,
    1.2470331494159963,
    1.216211883703135,
    1.2353383264233988,
    1.197620982215518,
    1.1850321040175478,
    1.1853016728446597,
    1.1818335968228528,
    1.187923396970453,
    1.1618220355653543,
    1.1951355606363299,
    1.1681360877970213
  ],
  "val_acc": [
    0.39093701996927804,
    0.5092165898617511,
    0.5883256528417818,
    0.6367127496159755,
    0.6728110599078341,
    0.6943164362519201,
    0.7196620583717358,
    0.7342549923195084,
    0.7496159754224271,
    0.7588325652841782,
    0.7688172043010753,
    0.7764976958525346,
    0.7726574500768049,
    0.7757296466973886,
    0.7872503840245776,
    0.7956989247311828,
    0.7841781874039938,
    0.7910906298003072,
    0.7987711213517665,
    0.794162826420891,
    0.794162826420891,
    0.794162826420891,
    0.7987711213517665,
    0.8018433179723502,
    0.8033794162826421
  ]
}