{
  "train_loss": [
    2.2385299413066395,
    0.882122111147757,
    0.6273140410271426,
    0.47967601938870325,
    0.4104243763859732,
    0.354092943909807,
    0.31298909248855034,
    0.26390253407606157,
    0.2546414889207531,
    0.24269724206282164,
    0.21445843577875684,
    0.19909084339854785,
    0.18953393639439356,
    0.18465268882302815,
    0.17711377988414398,
    0.16568174576928152,
    0.1590765382000824,
    0.14995034465714419,
    0.15469706224615914,
    0.14648144168200494,
    0.15169736000491627,
    0.14819857477405682,
    0.14235654026981479,
    0.1560894698444395,
    0.13925949637587176
  ],
  "train_acc": [
    0.5615017289642681,
    0.8208463691750371,
    0.8643174707722707,
    0.9000493989790878,
    0.911246500905648,
    0.9229375926230858,
    0.9361106537131566,
    0.9458257862670838,
    0.9466491025852133,
    0.9478017454305945,
    0.9558702453482628,
    0.9604808167297876,
    0.9606454799934134,
    0.9616334595751688,
    0.9632800922114276,
    0.9664086942203195,
    0.9697019594928371,
    0.9716779186563478,
    0.9685493166474559,
    0.9703606125473407,
    0.9700312860200889,
    0.9715132553927219,
    0.974312530874362,
    0.9672320105384489,
    0.9736538778198583
  ],
  "val_loss": [
    1.182499549905276,
    0.8578183431229833,
    0.7616509418883082,
    0.7242738738221141,
    0.6720016279161983,
    0.6691822972715176,
    0.6266257663110067,
    0.6493275642578137,
    0.6267439990365926,
    0.6229329165042637,
    0.6401199187551226,
    0.6102277794008797,
    0.6370620592032343,
    0.6449722229244156,
    0.6162624212637109,
    0.5986556563692342,
    0.6339153294006618,
    0.6083899126624182,
    0.6041711881047204,
    0.6169965724974367,
    0.6121698917331784,
    0.6107113429112002,
    0.6112068900681128,
    0.6217858944254171,
    0.5981033296995265
  ],
  "val_acc": [
    0.7857142857142857,
    0.82642089093702,
    0.8310291858678955,
    0.8341013824884793,
    0.8402457757296466,
    0.8379416282642089,
    0.8494623655913979,
    0.8463901689708141,
    0.8486943164362519,
    0.8425499231950845,
    0.8356374807987711,
    0.8548387096774194,
    0.8394777265745008,
    0.8402457757296466,
    0.8509984639016898,
    0.8548387096774194,
    0.8463901689708141,
    0.8502304147465438,
    0.8509984639016898,
    0.8456221198156681,
    0.8502304147465438,
    0.8494623655913979,
    0.847926267281106,
    0.8517665130568356,
    0.8509984639016898
  ]
}