{
  "model": "efficientnet_b0",
  "image_size": 224,
  "augment": false,
  "optimizer": "sgd",
  "test_accuracy": 0.8870967741935484,
  "top5_accuracy": 0.9769585253456221,
  "precision_macro": 0.880596372701979,
  "precision_weighted": 0.8923487752019565,
  "recall_macro": 0.8077735856377458,
  "recall_weighted": 0.8870967741935484,
  "f1_macro": 0.8191194400246135,
  "f1_weighted": 0.8756012446077629,
  "per_class_accuracy": {
    "Faces": 0.9545454545454546,
    "Faces_easy": 0.9696969696969697,
    "Leopards": 1.0,
    "Motorbikes": 1.0,
    "accordion": 1.0,
    "airplanes": 1.0,
    "anchor": 0.16666666666666666,
    "ant": 0.8333333333333334,
    "barrel": 0.8571428571428571,
    "bass": 0.75,
    "beaver": 0.42857142857142855,
    "binocular": 0.8,
    "bonsai": 0.8947368421052632,
    "brain": 0.8666666666666667,
    "brontosaurus": 0.5,
    "buddha": 1.0,
    "butterfly": 0.8571428571428571,
    "camera": 1.0,
    "cannon": 0.3333333333333333,
    "car_side": 1.0,
    "ceiling_fan": 0.5714285714285714,
    "cellphone": 1.0,
    "chair": 0.7,
    "chandelier": 0.9375,
    "cougar_body": 0.7142857142857143,
    "cougar_face": 0.9,
    "crab": 0.7272727272727273,
    "crayfish": 0.9,
    "crocodile": 0.625,
    "crocodile_head": 1.0,
    "cup": 0.75,
    "dalmatian": 1.0,
    "dollar_bill": 1.0,
    "dolphin": 0.8,
    "dragonfly": 0.9,
    "electric_guitar": 0.9090909090909091,
    "elephant": 0.7,
    "emu": 1.0,
    "euphonium": 0.8888888888888888,
    "ewer": 1.0,
    "ferry": 0.9,
    "flamingo": 1.0,
    "flamingo_head": 0.14285714285714285,
    "garfield": 0.8,
    "gerenuk": 0.6,
    "gramophone": 0.625,
    "grand_piano": 1.0,
    "hawksbill": 1.0,
    "headphone": 0.7142857142857143,
    "hedgehog": 0.875,
    "helicopter": 0.6923076923076923,
    "ibis": 1.0,
    "inline_skate": 0.6,
    "joshua_tree": 1.0,
    "kangaroo": 1.0,
    "ketch": 0.9411764705882353,
    "lamp": 0.8888888888888888,
    "laptop": 0.9166666666666666,
    "llama": 0.9090909090909091,
    "lobster": 0.16666666666666666,
    "lotus": 0.5,
    "mandolin": 0.6666666666666666,
    "mayfly": 0.6666666666666666,
    "menorah": 0.9230769230769231,
    "metronome": 0.8,
    "minaret": 1.0,
    "nautilus": 1.0,
    "octopus": 0.0,
    "okapi": 1.0,
    "pagoda": 1.0,
    "panda": 0.8333333333333334,
    "pigeon": 1.0,
    "pizza": 1.0,
    "platypus": 0.6,
    "pyramid": 1.0,
    "revolver": 0.9230769230769231,
    "rhino": 1.0,
    "rooster": 0.75,
    "saxophone": 1.0,
    "schooner": 0.3333333333333333,
    "scissors": 1.0,
    "scorpion": 0.9230769230769231,
    "sea_horse": 0.75,
    "snoopy": 0.8,
    "soccer_ball": 0.8888888888888888,
    "stapler": 0.8571428571428571,
    "starfish": 1.0,
    "stegosaurus": 0.6666666666666666,
    "stop_sign": 1.0,
    "strawberry": 0.6,
    "sunflower": 1.0,
    "tick": 1.0,
    "trilobite": 1.0,
    "umbrella": 0.8181818181818182,
    "watch": 1.0,
    "water_lilly": 0.16666666666666666,
    "wheelchair": 0.7777777777777778,
    "wild_cat": 0.0,
    "windsor_chair": 1.0,
    "wrench": 0.3333333333333333,
    "yin_yang": 1.0
  },
  "per_class": {
    "Faces": {
      "precision": 0.9692307692307692,
      "recall": 0.9545454545454546,
      "f1": 0.9618320610687023,
      "support": 66
    },
    "Faces_easy": {
      "precision": 0.927536231884058,
      "recall": 0.9696969696969697,
      "f1": 0.9481481481481482,
      "support": 66
    },
    "Leopards": {
      "precision": 0.8823529411764706,
      "recall": 1.0,
      "f1": 0.9375,
      "support": 30
    },
    "Motorbikes": {
      "precision": 0.9523809523809523,
      "recall": 1.0,
      "f1": 0.975609756097561,
      "support": 120
    },
    "accordion": {
      "precision": 1.0,
      "recall": 1.0,
      "f1": 1.0,
      "support": 8
    },
    "airplanes": {
      "precision": 0.9448818897637795,
      "recall": 1.0,
      "f1": 0.97165991902834,
      "support": 120
    },
    "anchor": {
      "precision": 0.5,
      "recall": 0.16666666666666666,
      "f1": 0.25,
      "support": 6
    },
    "ant": {
      "precision": 1.0,
      "recall": 0.8333333333333334,
      "f1": 0.9090909090909091,
      "support": 6
    },
    "barrel": {
      "precision": 1.0,
      "recall": 0.8571428571428571,
      "f1": 0.9230769230769231,
      "support": 7
    },
    "bass": {
      "precision": 0.8571428571428571,
      "recall": 0.75,
      "f1": 0.8,
      "support": 8
    },
    "beaver": {
      "precision": 1.0,
      "recall": 0.42857142857142855,
      "f1": 0.6,
      "support": 7
    },
    "binocular": {
      "precision": 1.0,
      "recall": 0.8,
      "f1": 0.8888888888888888,
      "support": 5
    },
    "bonsai": {
      "precision": 0.68,
      "recall": 0.8947368421052632,
      "f1": 0.7727272727272727,
      "support": 19
    },
    "brain": {
      "precision": 0.7222222222222222,
      "recall": 0.8666666666666667,
      "f1": 0.7878787878787878,
      "support": 15
    },
    "brontosaurus": {
      "precision": 1.0,
      "recall": 0.5,
      "f1": 0.6666666666666666,
      "support": 6
    },
    "buddha": {
      "precision": 0.8125,
      "recall": 1.0,
      "f1": 0.896551724137931,
      "support": 13
    },
    "butterfly": {
      "precision": 0.8,
      "recall": 0.8571428571428571,
      "f1": 0.8275862068965517,
      "support": 14
    },
    "camera": {
      "precision": 1.0,
      "recall": 1.0,
      "f1": 1.0,
      "support": 7
    },
    "cannon": {
      "precision": 1.0,
      "recall": 0.3333333333333333,
      "f1": 0.5,
      "support": 6
    },
    "car_side": {
      "precision": 1.0,
      "recall": 1.0,
      "f1": 1.0,
      "support": 19
    },
    "ceiling_fan": {
      "precision": 1.0,
      "recall": 0.5714285714285714,
      "f1": 0.7272727272727273,
      "support": 7
    },
    "cellphone": {
      "precision": 0.6923076923076923,
      "recall": 1.0,
      "f1": 0.8181818181818182,
      "support": 9
    },
    "chair": {
      "precision": 0.875,
      "recall": 0.7,
      "f1": 0.7777777777777778,
      "support": 10
    },
    "chandelier": {
      "precision": 0.6818181818181818,
      "recall": 0.9375,
      "f1": 0.7894736842105263,
      "support": 16
    },
    "cougar_body": {
      "precision": 1.0,
      "recall": 0.7142857142857143,
      "f1": 0.8333333333333334,
      "support": 7
    },
    "cougar_face": {
      "precision": 1.0,
      "recall": 0.9,
      "f1": 0.9473684210526315,
      "support": 10
    },
    "crab": {
      "precision": 0.8,
      "recall": 0.7272727272727273,
      "f1": 0.7619047619047619,
      "support": 11
    },
    "crayfish": {
      "precision": 0.8181818181818182,
      "recall": 0.9,
      "f1": 0.8571428571428571,
      "support": 10
    },
    "crocodile": {
      "precision": 1.0,
      "recall": 0.625,
      "f1": 0.7692307692307693,
      "support": 8
    },
    "crocodile_head": {
      "precision": 0.7777777777777778,
      "recall": 1.0,
      "f1": 0.875,
      "support": 7
    },
    "cup": {
      "precision": 1.0,
      "recall": 0.75,
      "f1": 0.8571428571428571,
      "support": 8
    },
    "dalmatian": {
      "precision": 0.9090909090909091,
      "recall": 1.0,
      "f1": 0.9523809523809523,
      "support": 10
    },
    "dollar_bill": {
      "precision": 0.8,
      "recall": 1.0,
      "f1": 0.8888888888888888,
      "support": 8
    },
    "dolphin": {
      "precision": 1.0,
      "recall": 0.8,
      "f1": 0.8888888888888888,
      "support": 10
    },
    "dragonfly": {
      "precision": 0.75,
      "recall": 0.9,
      "f1": 0.8181818181818182,
      "support": 10
    },
    "electric_guitar": {
      "precision": 0.7142857142857143,
      "recall": 0.9090909090909091,
      "f1": 0.8,
      "support": 11
    },
    "elephant": {
      "precision": 0.7777777777777778,
      "recall": 0.7,
      "f1": 0.7368421052631579,
      "support": 10
    },
    "emu": {
      "precision": 0.8888888888888888,
      "recall": 1.0,