{
  "model": "efficientnet_b0",
  "image_size": 64,
  "augment": false,
  "optimizer": "adam",
  "test_accuracy": 0.5768049155145929,
  "top5_accuracy": 0.7772657450076805,
  "precision_macro": 0.4382413241800797,
  "precision_weighted": 0.5558228278928732,
  "recall_macro": 0.41973493418984337,
  "recall_weighted": 0.5768049155145929,
  "f1_macro": 0.4176421018837392,
  "f1_weighted": 0.5589585740643344,
  "per_class_accuracy": {
    "Faces": 0.7878787878787878,
    "Faces_easy": 0.9242424242424242,
    "Leopards": 0.8333333333333334,
    "Motorbikes": 0.9,
    "accordion": 0.5,
    "airplanes": 0.9166666666666666,
    "anchor": 0.3333333333333333,
    "ant": 0.0,
    "barrel": 0.2857142857142857,
    "bass": 0.0,
    "beaver": 0.14285714285714285,
    "binocular": 0.0,
    "bonsai": 0.42105263157894735,
    "brain": 0.7333333333333333,
    "brontosaurus": 0.16666666666666666,
    "buddha": 0.5384615384615384,
    "butterfly": 0.2857142857142857,
    "camera": 0.2857142857142857,
    "cannon": 0.16666666666666666,
    "car_side": 0.9473684210526315,
    "ceiling_fan": 0.2857142857142857,
    "cellphone": 0.5555555555555556,
    "chair": 0.3,
    "chandelier": 0.4375,
    "cougar_body": 0.14285714285714285,
    "cougar_face": 0.6,
    "crab": 0.0,
    "crayfish": 0.2,
    "crocodile": 0.125,
    "crocodile_head": 0.14285714285714285,
    "cup": 0.375,
    "dalmatian": 0.7,
    "dollar_bill": 0.75,
    "dolphin": 0.4,
    "dragonfly": 0.3,
    "electric_guitar": 0.0,
    "elephant": 0.5,
    "emu": 0.125,
    "euphonium": 0.5555555555555556,
    "ewer": 0.46153846153846156,
    "ferry": 0.5,
    "flamingo": 0.5,
    "flamingo_head": 0.14285714285714285,
    "garfield": 0.6,
    "gerenuk": 0.2,
    "gramophone": 0.0,
    "grand_piano": 0.5333333333333333,
    "hawksbill": 0.26666666666666666,
    "headphone": 0.42857142857142855,
    "hedgehog": 0.125,
    "helicopter": 0.46153846153846156,
    "ibis": 0.16666666666666666,
    "inline_skate": 0.4,
    "joshua_tree": 0.7777777777777778,
    "kangaroo": 0.3076923076923077,
    "ketch": 0.8235294117647058,
    "lamp": 0.1111111111111111,
    "laptop": 0.5833333333333334,
    "llama": 0.5454545454545454,
    "lobster": 0.16666666666666666,
    "lotus": 0.2,
    "mandolin": 0.3333333333333333,
    "mayfly": 0.16666666666666666,
    "menorah": 0.6153846153846154,
    "metronome": 0.4,
    "minaret": 0.7272727272727273,
    "nautilus": 0.8888888888888888,
    "octopus": 0.4,
    "okapi": 0.3333333333333333,
    "pagoda": 0.8571428571428571,
    "panda": 0.3333333333333333,
    "pigeon": 0.16666666666666666,
    "pizza": 0.25,
    "platypus": 0.0,
    "pyramid": 0.625,
    "revolver": 0.38461538461538464,
    "rhino": 0.5555555555555556,
    "rooster": 0.25,
    "saxophone": 0.16666666666666666,
    "schooner": 0.5555555555555556,
    "scissors": 0.5,
    "scorpion": 0.3076923076923077,
    "sea_horse": 0.25,
    "snoopy": 0.6,
    "soccer_ball": 0.8888888888888888,
    "stapler": 0.5714285714285714,
    "starfish": 0.23076923076923078,
    "stegosaurus": 0.2222222222222222,
    "stop_sign": 0.9,
    "strawberry": 0.2,
    "sunflower": 0.9230769230769231,
    "tick": 0.5714285714285714,
    "trilobite": 1.0,
    "umbrella": 0.36363636363636365,
    "watch": 0.7222222222222222,
    "water_lilly": 0.5,
    "wheelchair": 0.3333333333333333,
    "wild_cat": 0.0,
    "windsor_chair": 0.7777777777777778,
    "wrench": 0.0,
    "yin_yang": 0.5555555555555556
  },
  "per_class": {
    "Faces": {
      "precision": 0.7647058823529411,
      "recall": 0.7878787878787878,
      "f1": 0.7761194029850746,
      "support": 66
    },
    "Faces_easy": {
      "precision": 0.7439024390243902,
      "recall": 0.9242424242424242,
      "f1": 0.8243243243243243,
      "support": 66
    },
    "Leopards": {
      "precision": 0.8620689655172413,
      "recall": 0.8333333333333334,
      "f1": 0.847457627118644,
      "support": 30
    },
    "Motorbikes": {
      "precision": 0.8503937007874016,
      "recall": 0.9,
      "f1": 0.8744939271255061,
      "support": 120
    },
    "accordion": {
      "precision": 0.5714285714285714,
      "recall": 0.5,
      "f1": 0.5333333333333333,
      "support": 8
    },
    "airplanes": {
      "precision": 0.7971014492753623,
      "recall": 0.9166666666666666,
      "f1": 0.8527131782945736,
      "support": 120
    },
    "anchor": {
      "precision": 0.3333333333333333,
      "recall": 0.3333333333333333,
      "f1": 0.3333333333333333,
      "support": 6
    },
    "ant": {
      "precision": 0.0,
      "recall": 0.0,
      "f1": 0.0,
      "support": 6
    },
    "barrel": {
      "precision": 0.6666666666666666,
      "recall": 0.2857142857142857,
      "f1": 0.4,
      "support": 7
    },
    "bass": {
      "precision": 0.0,
      "recall": 0.0,
      "f1": 0.0,
      "support": 8
    },
    "beaver": {
      "precision": 0.25,
      "recall": 0.14285714285714285,
      "f1": 0.18181818181818182,
      "support": 7
    },
    "binocular": {
      "precision": 0.0,
      "recall": 0.0,
      "f1": 0.0,
      "support": 5
    },
    "bonsai": {
      "precision": 0.4444444444444444,
      "recall": 0.42105263157894735,
      "f1": 0.43243243243243246,
      "support": 19
    },
    "brain": {
      "precision": 0.55,
      "recall": 0.7333333333333333,
      "f1": 0.6285714285714286,
      "support": 15
    },
    "brontosaurus": {
      "precision": 0.5,
      "recall": 0.16666666666666666,
      "f1": 0.25,
      "support": 6
    },
    "buddha": {
      "precision": 0.4666666666666667,
      "recall": 0.5384615384615384,
      "f1": 0.5,
      "support": 13
    },
    "butterfly": {
      "precision": 0.4,
      "recall": 0.2857142857142857,
      "f1": 0.3333333333333333,
      "support": 14
    },
    "camera": {
      "precision": 0.25,
      "recall": 0.2857142857142857,
      "f1": 0.26666666666666666,
      "support": 7
    },
    "cannon": {
      "precision": 0.25,
      "recall": 0.16666666666666666,
      "f1": 0.2,
      "support": 6
    },
    "car_side": {
      "precision": 0.8571428571428571,
      "recall": 0.9473684210526315,
      "f1": 0.9,
      "support": 19
    },
    "ceiling_fan": {
      "precision": 0.4,
      "recall": 0.2857142857142857,
      "f1": 0.3333333333333333,
      "support": 7
    },
    "cellphone": {
      "precision": 0.625,
      "recall": 0.5555555555555556,
      "f1": 0.5882352941176471,
      "support": 9
    },
    "chair": {
      "precision": 0.6,
      "recall": 0.3,
      "f1": 0.4,
      "support": 10
    },
    "chandelier": {
      "precision": 0.4375,
      "recall": 0.4375,
      "f1": 0.4375,
      "support": 16
    },
    "cougar_body": {
      "precision": 0.3333333333333333,
      "recall": 0.14285714285714285,
      "f1": 0.2,
      "support": 7
    },
    "cougar_face": {
      "precision": 0.6,
      "recall": 0.6,
      "f1": 0.6,
      "support": 10
    },
    "crab": {
      "precision": 0.0,
      "recall": 0.0,
      "f1": 0.0,
      "support": 11
    },
    "crayfish": {
      "precision": 0.2,
      "recall": 0.2,
      "f1": 0.2,
      "support": 10
    },
    "crocodile": {
      "precision": 0.1111111111111111,
      "recall": 0.125,
      "f1": 0.11764705882352941,
      "support": 8
    },
    "crocodile_head": {
      "precision": 0.2,
      "recall": 0.14285714285714285,
      "f1": 0.16666666666666666,
      "support": 7
    },
    "cup": {
      "precision": 0.375,
      "recall": 0.375,
      "f1": 0.375,
      "support": 8
    },
    "dalmatian": {
      "precision": 0.6363636363636364,
      "recall": 0.7,
      "f1": 0.6666666666666666,
      "support": 10
    },
    "dollar_bill": {
      "precision": 0.6666666666666666,
      "recall": 0.75,
      "f1": 0.7058823529411765,
      "support": 8
    },
    "dolphin": {
      "precision": 0.4,
      "recall": 0.4,
      "f1": 0.4,
      "support": 10
    },
    "dragonfly": {
      "precision": 0.25,
      "recall": 0.3,