{
  "model": "efficientnet_b0",
  "image_size": 128,
  "augment": false,
  "optimizer": "adamw",
  "test_accuracy": 0.847926267281106,
  "top5_accuracy": 0.9531490015360983,
  "precision_macro": 0.8049356402207563,
  "precision_weighted": 0.8525274317597017,
  "recall_macro": 0.775837893089142,
  "recall_weighted": 0.847926267281106,
  "f1_macro": 0.779106572623189,
  "f1_weighted": 0.8436529445983655,
  "per_class_accuracy": {
    "Faces": 0.9242424242424242,
    "Faces_easy": 0.9393939393939394,
    "Leopards": 0.9666666666666667,
    "Motorbikes": 1.0,
    "accordion": 1.0,
    "airplanes": 0.9916666666666667,
    "anchor": 0.3333333333333333,
    "ant": 0.8333333333333334,
    "barrel": 1.0,
    "bass": 0.5,
    "beaver": 0.2857142857142857,
    "binocular": 0.8,
    "bonsai": 0.8421052631578947,
    "brain": 0.8666666666666667,
    "brontosaurus": 0.5,
    "buddha": 0.9230769230769231,
    "butterfly": 0.7142857142857143,
    "camera": 0.5714285714285714,
    "cannon": 0.6666666666666666,
    "car_side": 1.0,
    "ceiling_fan": 0.7142857142857143,
    "cellphone": 1.0,
    "chair": 0.5,
    "chandelier": 0.8125,
    "cougar_body": 0.2857142857142857,
    "cougar_face": 0.8,
    "crab": 0.5454545454545454,
    "crayfish": 0.6,
    "crocodile": 0.625,
    "crocodile_head": 0.42857142857142855,
    "cup": 0.875,
    "dalmatian": 1.0,
    "dollar_bill": 0.875,
    "dolphin": 0.9,
    "dragonfly": 0.7,
    "electric_guitar": 0.2727272727272727,
    "elephant": 0.8,
    "emu": 0.625,
    "euphonium": 0.7777777777777778,
    "ewer": 0.9230769230769231,
    "ferry": 0.9,
    "flamingo": 1.0,
    "flamingo_head": 0.7142857142857143,
    "garfield": 0.8,
    "gerenuk": 0.8,
    "gramophone": 0.75,
    "grand_piano": 0.9333333333333333,
    "hawksbill": 0.8,
    "headphone": 0.7142857142857143,
    "hedgehog": 0.875,
    "helicopter": 0.6923076923076923,
    "ibis": 0.8333333333333334,
    "inline_skate": 0.6,
    "joshua_tree": 0.8888888888888888,
    "kangaroo": 0.8461538461538461,
    "ketch": 0.8823529411764706,
    "lamp": 0.7777777777777778,
    "laptop": 1.0,
    "llama": 0.7272727272727273,
    "lobster": 0.5,
    "lotus": 0.5,
    "mandolin": 0.5,
    "mayfly": 0.3333333333333333,
    "menorah": 0.8461538461538461,
    "metronome": 0.6,
    "minaret": 1.0,
    "nautilus": 0.8888888888888888,
    "octopus": 0.8,
    "okapi": 0.8333333333333334,
    "pagoda": 1.0,
    "panda": 1.0,
    "pigeon": 1.0,
    "pizza": 1.0,
    "platypus": 0.4,
    "pyramid": 1.0,
    "revolver": 0.8461538461538461,
    "rhino": 0.8888888888888888,
    "rooster": 0.875,
    "saxophone": 0.5,
    "schooner": 0.4444444444444444,
    "scissors": 1.0,
    "scorpion": 1.0,
    "sea_horse": 0.75,
    "snoopy": 0.8,
    "soccer_ball": 0.8888888888888888,
    "stapler": 0.7142857142857143,
    "starfish": 0.7692307692307693,
    "stegosaurus": 0.4444444444444444,
    "stop_sign": 1.0,
    "strawberry": 1.0,
    "sunflower": 1.0,
    "tick": 0.8571428571428571,
    "trilobite": 1.0,
    "umbrella": 0.9090909090909091,
    "watch": 0.9166666666666666,
    "water_lilly": 0.5,
    "wheelchair": 0.8888888888888888,
    "wild_cat": 0.8,
    "windsor_chair": 0.8888888888888888,
    "wrench": 0.3333333333333333,
    "yin_yang": 0.8888888888888888
  },
  "per_class": {
    "Faces": {
      "precision": 0.9384615384615385,
      "recall": 0.9242424242424242,
      "f1": 0.9312977099236641,
      "support": 66
    },
    "Faces_easy": {
      "precision": 0.9253731343283582,
      "recall": 0.9393939393939394,
      "f1": 0.9323308270676691,
      "support": 66
    },
    "Leopards": {
      "precision": 0.9666666666666667,
      "recall": 0.9666666666666667,
      "f1": 0.9666666666666667,
      "support": 30
    },
    "Motorbikes": {
      "precision": 0.9836065573770492,
      "recall": 1.0,
      "f1": 0.9917355371900827,
      "support": 120
    },
    "accordion": {
      "precision": 1.0,
      "recall": 1.0,
      "f1": 1.0,
      "support": 8
    },
    "airplanes": {
      "precision": 0.9296875,
      "recall": 0.9916666666666667,
      "f1": 0.9596774193548387,
      "support": 120
    },
    "anchor": {
      "precision": 1.0,
      "recall": 0.3333333333333333,
      "f1": 0.5,
      "support": 6
    },
    "ant": {
      "precision": 0.8333333333333334,
      "recall": 0.8333333333333334,
      "f1": 0.8333333333333334,
      "support": 6
    },
    "barrel": {
      "precision": 0.7777777777777778,
      "recall": 1.0,
      "f1": 0.875,
      "support": 7
    },
    "bass": {
      "precision": 0.8,
      "recall": 0.5,
      "f1": 0.6153846153846154,
      "support": 8
    },
    "beaver": {
      "precision": 0.4,
      "recall": 0.2857142857142857,
      "f1": 0.3333333333333333,
      "support": 7
    },
    "binocular": {
      "precision": 0.6666666666666666,
      "recall": 0.8,
      "f1": 0.7272727272727273,
      "support": 5
    },
    "bonsai": {
      "precision": 0.8421052631578947,
      "recall": 0.8421052631578947,
      "f1": 0.8421052631578947,
      "support": 19
    },
    "brain": {
      "precision": 0.9285714285714286,
      "recall": 0.8666666666666667,
      "f1": 0.896551724137931,
      "support": 15
    },
    "brontosaurus": {
      "precision": 1.0,
      "recall": 0.5,
      "f1": 0.6666666666666666,
      "support": 6
    },
    "buddha": {
      "precision": 0.8571428571428571,
      "recall": 0.9230769230769231,
      "f1": 0.8888888888888888,
      "support": 13
    },
    "butterfly": {
      "precision": 0.7692307692307693,
      "recall": 0.7142857142857143,
      "f1": 0.7407407407407407,
      "support": 14
    },
    "camera": {
      "precision": 1.0,
      "recall": 0.5714285714285714,
      "f1": 0.7272727272727273,
      "support": 7
    },
    "cannon": {
      "precision": 0.8,
      "recall": 0.6666666666666666,
      "f1": 0.7272727272727273,
      "support": 6
    },
    "car_side": {
      "precision": 1.0,
      "recall": 1.0,
      "f1": 1.0,
      "support": 19
    },
    "ceiling_fan": {
      "precision": 0.625,
      "recall": 0.7142857142857143,
      "f1": 0.6666666666666666,
      "support": 7
    },
    "cellphone": {
      "precision": 0.6428571428571429,
      "recall": 1.0,
      "f1": 0.782608695652174,
      "support": 9
    },
    "chair": {
      "precision": 0.625,
      "recall": 0.5,
      "f1": 0.5555555555555556,
      "support": 10
    },
    "chandelier": {
      "precision": 0.7222222222222222,
      "recall": 0.8125,
      "f1": 0.7647058823529411,
      "support": 16
    },
    "cougar_body": {
      "precision": 0.5,
      "recall": 0.2857142857142857,
      "f1": 0.36363636363636365,
      "support": 7
    },
    "cougar_face": {
      "precision": 0.8,
      "recall": 0.8,
      "f1": 0.8,
      "support": 10
    },
    "crab": {
      "precision": 0.6,
      "recall": 0.5454545454545454,
      "f1": 0.5714285714285714,
      "support": 11
    },
    "crayfish": {
      "precision": 0.6666666666666666,
      "recall": 0.6,
      "f1": 0.631578947368421,
      "support": 10
    },
    "crocodile": {
      "precision": 0.7142857142857143,
      "recall": 0.625,
      "f1": 0.6666666666666666,
      "support": 8
    },
    "crocodile_head": {
      "precision": 0.42857142857142855,
      "recall": 0.42857142857142855,
      "f1": 0.42857142857142855,
      "support": 7
    },
    "cup": {
      "precision": 1.0,
      "recall": 0.875,
      "f1": 0.9333333333333333,
      "support": 8
    },
    "dalmatian": {
      "precision": 1.0,
      "recall": 1.0,
      "f1": 1.0,
      "support": 10
    },
    "dollar_bill": {
      "precision": 0.7777777777777778,
      "recall": 0.875,
      "f1": 0.8235294117647058,
      "support": 8
    },
    "dolphin": {
      "precision": 0.8181818181818182,
      "recall": 0.9,
      "f1": 0.8571428571428571,
      "support": 10
    },
    "dragonfly": {
      "precision": 0.7,
      "recall": 0.7,
      "f1": 0.7,
      "support": 10
    },