{
  "model": "efficientnet_b0",
  "image_size": 64,
  "augment": false,
  "optimizer": "sgd",
  "test_accuracy": 0.5583717357910907,
  "top5_accuracy": 0.7526881720430108,
  "precision_macro": 0.3903070282459305,
  "precision_weighted": 0.493147698494267,
  "recall_macro": 0.3712277478811059,
  "recall_weighted": 0.5583717357910907,
  "f1_macro": 0.35932997394186933,
  "f1_weighted": 0.5097085599603319,
  "per_class_accuracy": {
    "Faces": 0.8181818181818182,
    "Faces_easy": 0.9090909090909091,
    "Leopards": 0.8333333333333334,
    "Motorbikes": 0.9166666666666666,
    "accordion": 0.5,
    "airplanes": 0.9333333333333333,
    "anchor": 0.16666666666666666,
    "ant": 0.0,
    "barrel": 0.42857142857142855,
    "bass": 0.0,
    "beaver": 0.14285714285714285,
    "binocular": 0.0,
    "bonsai": 0.5263157894736842,
    "brain": 0.6666666666666666,
    "brontosaurus": 0.0,
    "buddha": 0.6923076923076923,
    "butterfly": 0.2857142857142857,
    "camera": 0.14285714285714285,
    "cannon": 0.0,
    "car_side": 0.9473684210526315,
    "ceiling_fan": 0.2857142857142857,
    "cellphone": 0.6666666666666666,
    "chair": 0.1,
    "chandelier": 0.5625,
    "cougar_body": 0.0,
    "cougar_face": 0.6,
    "crab": 0.0,
    "crayfish": 0.0,
    "crocodile": 0.125,
    "crocodile_head": 0.14285714285714285,
    "cup": 0.0,
    "dalmatian": 0.7,
    "dollar_bill": 0.625,
    "dolphin": 0.1,
    "dragonfly": 0.4,
    "electric_guitar": 0.0,
    "elephant": 0.5,
    "emu": 0.125,
    "euphonium": 0.6666666666666666,
    "ewer": 0.38461538461538464,
    "ferry": 0.5,
    "flamingo": 0.6,
    "flamingo_head": 0.2857142857142857,
    "garfield": 0.6,
    "gerenuk": 0.0,
    "gramophone": 0.0,
    "grand_piano": 0.6666666666666666,
    "hawksbill": 0.2,
    "headphone": 0.5714285714285714,
    "hedgehog": 0.125,
    "helicopter": 0.46153846153846156,
    "ibis": 0.0,
    "inline_skate": 0.0,
    "joshua_tree": 0.7777777777777778,
    "kangaroo": 0.38461538461538464,
    "ketch": 0.7647058823529411,
    "lamp": 0.1111111111111111,
    "laptop": 0.8333333333333334,
    "llama": 0.2727272727272727,
    "lobster": 0.0,
    "lotus": 0.4,
    "mandolin": 0.0,
    "mayfly": 0.0,
    "menorah": 0.8461538461538461,
    "metronome": 0.2,
    "minaret": 0.8181818181818182,
    "nautilus": 0.6666666666666666,
    "octopus": 0.2,
    "okapi": 0.0,
    "pagoda": 0.5714285714285714,
    "panda": 0.0,
    "pigeon": 0.0,
    "pizza": 0.5,
    "platypus": 0.0,
    "pyramid": 0.625,
    "revolver": 0.46153846153846156,
    "rhino": 0.3333333333333333,
    "rooster": 0.0,
    "saxophone": 0.0,
    "schooner": 0.2222222222222222,
    "scissors": 0.5,
    "scorpion": 0.38461538461538464,
    "sea_horse": 0.125,
    "snoopy": 0.6,
    "soccer_ball": 0.8888888888888888,
    "stapler": 0.42857142857142855,
    "starfish": 0.38461538461538464,
    "stegosaurus": 0.2222222222222222,
    "stop_sign": 1.0,
    "strawberry": 0.2,
    "sunflower": 0.7692307692307693,
    "tick": 0.42857142857142855,
    "trilobite": 1.0,
    "umbrella": 0.36363636363636365,
    "watch": 0.6944444444444444,
    "water_lilly": 0.16666666666666666,
    "wheelchair": 0.0,
    "wild_cat": 0.0,
    "windsor_chair": 0.8888888888888888,
    "wrench": 0.0,
    "yin_yang": 0.5555555555555556
  },
  "per_class": {
    "Faces": {
      "precision": 0.6428571428571429,
      "recall": 0.8181818181818182,
      "f1": 0.72,
      "support": 66
    },
    "Faces_easy": {
      "precision": 0.6976744186046512,
      "recall": 0.9090909090909091,
      "f1": 0.7894736842105263,
      "support": 66
    },
    "Leopards": {
      "precision": 0.6944444444444444,
      "recall": 0.8333333333333334,
      "f1": 0.7575757575757576,
      "support": 30
    },
    "Motorbikes": {
      "precision": 0.7534246575342466,
      "recall": 0.9166666666666666,
      "f1": 0.8270676691729323,
      "support": 120
    },
    "accordion": {
      "precision": 0.4,
      "recall": 0.5,
      "f1": 0.4444444444444444,
      "support": 8
    },
    "airplanes": {
      "precision": 0.7133757961783439,
      "recall": 0.9333333333333333,
      "f1": 0.8086642599277978,
      "support": 120
    },
    "anchor": {
      "precision": 1.0,
      "recall": 0.16666666666666666,
      "f1": 0.2857142857142857,
      "support": 6
    },
    "ant": {
      "precision": 0.0,
      "recall": 0.0,
      "f1": 0.0,
      "support": 6
    },
    "barrel": {
      "precision": 0.75,
      "recall": 0.42857142857142855,
      "f1": 0.5454545454545454,
      "support": 7
    },
    "bass": {
      "precision": 0.0,
      "recall": 0.0,
      "f1": 0.0,
      "support": 8
    },
    "beaver": {
      "precision": 0.5,
      "recall": 0.14285714285714285,
      "f1": 0.2222222222222222,
      "support": 7
    },
    "binocular": {
      "precision": 0.0,
      "recall": 0.0,
      "f1": 0.0,
      "support": 5
    },
    "bonsai": {
      "precision": 0.47619047619047616,
      "recall": 0.5263157894736842,
      "f1": 0.5,
      "support": 19
    },
    "brain": {
      "precision": 0.6666666666666666,
      "recall": 0.6666666666666666,
      "f1": 0.6666666666666666,
      "support": 15
    },
    "brontosaurus": {
      "precision": 0.0,
      "recall": 0.0,
      "f1": 0.0,
      "support": 6
    },
    "buddha": {
      "precision": 0.5,
      "recall": 0.6923076923076923,
      "f1": 0.5806451612903226,
      "support": 13
    },
    "butterfly": {
      "precision": 0.2857142857142857,
      "recall": 0.2857142857142857,
      "f1": 0.2857142857142857,
      "support": 14
    },
    "camera": {
      "precision": 0.16666666666666666,
      "recall": 0.14285714285714285,
      "f1": 0.15384615384615385,
      "support": 7
    },
    "cannon": {
      "precision": 0.0,
      "recall": 0.0,
      "f1": 0.0,
      "support": 6
    },
    "car_side": {
      "precision": 0.8181818181818182,
      "recall": 0.9473684210526315,
      "f1": 0.8780487804878049,
      "support": 19
    },
    "ceiling_fan": {
      "precision": 0.3333333333333333,
      "recall": 0.2857142857142857,
      "f1": 0.3076923076923077,
      "support": 7
    },
    "cellphone": {
      "precision": 0.5,
      "recall": 0.6666666666666666,
      "f1": 0.5714285714285714,
      "support": 9
    },
    "chair": {
      "precision": 0.3333333333333333,
      "recall": 0.1,
      "f1": 0.15384615384615385,
      "support": 10
    },
    "chandelier": {
      "precision": 0.391304347826087,
      "recall": 0.5625,
      "f1": 0.46153846153846156,
      "support": 16
    },
    "cougar_body": {
      "precision": 0.0,
      "recall": 0.0,
      "f1": 0.0,
      "support": 7
    },
    "cougar_face": {
      "precision": 0.46153846153846156,
      "recall": 0.6,
      "f1": 0.5217391304347826,
      "support": 10
    },
    "crab": {
      "precision": 0.0,
      "recall": 0.0,
      "f1": 0.0,
      "support": 11
    },
    "crayfish": {
      "precision": 0.0,
      "recall": 0.0,
      "f1": 0.0,
      "support": 10
    },
    "crocodile": {
      "precision": 0.1,
      "recall": 0.125,
      "f1": 0.1111111111111111,
      "support": 8
    },
    "crocodile_head": {
      "precision": 0.25,
      "recall": 0.14285714285714285,
      "f1": 0.18181818181818182,
      "support": 7
    },
    "cup": {
      "precision": 0.0,
      "recall": 0.0,
      "f1": 0.0,
      "support": 8
    },
    "dalmatian": {
      "precision": 0.7777777777777778,
      "recall": 0.7,
      "f1": 0.7368421052631579,
      "support": 10
    },
    "dollar_bill": {
      "precision": 0.8333333333333334,
      "recall": 0.625,
      "f1": 0.7142857142857143,
      "support": 8
    },
    "dolphin": {
      "precision": 0.25,
      "recall": 0.1,
      "f1": 0.14285714285714285,
      "support": 10
    },
    "dragonfly": {
      "precision": 0.4,
      "recall": 0.4,
      "f1": 0.4,
      "support": 10
    },
    "electric_guitar": {
      "precision": 0.0,
      "recall": 0.0,
      "f1": 0.0,