{
  "model": "efficientnet_b0",
  "image_size": 64,
  "augment": true,
  "optimizer": "sgd",
  "test_accuracy": 0.5407066052227343,
  "top5_accuracy": 0.7565284178187404,
  "precision_macro": 0.4293329243995598,
  "precision_weighted": 0.4921959941686553,
  "recall_macro": 0.37694143576573147,
  "recall_weighted": 0.5407066052227343,
  "f1_macro": 0.3727804909336124,
  "f1_weighted": 0.4930430245311103,
  "per_class_accuracy": {
    "Faces": 0.8636363636363636,
    "Faces_easy": 0.8939393939393939,
    "Leopards": 0.8333333333333334,
    "Motorbikes": 0.9666666666666667,
    "accordion": 0.375,
    "airplanes": 0.65,
    "anchor": 0.16666666666666666,
    "ant": 0.16666666666666666,
    "barrel": 0.7142857142857143,
    "bass": 0.0,
    "beaver": 0.0,
    "binocular": 0.0,
    "bonsai": 0.5789473684210527,
    "brain": 0.6,
    "brontosaurus": 0.0,
    "buddha": 0.5384615384615384,
    "butterfly": 0.42857142857142855,
    "camera": 0.14285714285714285,
    "cannon": 0.16666666666666666,
    "car_side": 0.8947368421052632,
    "ceiling_fan": 0.2857142857142857,
    "cellphone": 0.5555555555555556,
    "chair": 0.2,
    "chandelier": 0.375,
    "cougar_body": 0.0,
    "cougar_face": 0.5,
    "crab": 0.0,
    "crayfish": 0.1,
    "crocodile": 0.125,
    "crocodile_head": 0.14285714285714285,
    "cup": 0.125,
    "dalmatian": 0.7,
    "dollar_bill": 0.625,
    "dolphin": 0.2,
    "dragonfly": 0.4,
    "electric_guitar": 0.09090909090909091,
    "elephant": 0.5,
    "emu": 0.0,
    "euphonium": 0.5555555555555556,
    "ewer": 0.3076923076923077,
    "ferry": 0.6,
    "flamingo": 0.4,
    "flamingo_head": 0.42857142857142855,
    "garfield": 0.8,
    "gerenuk": 0.0,
    "gramophone": 0.0,
    "grand_piano": 0.5333333333333333,
    "hawksbill": 0.26666666666666666,
    "headphone": 0.2857142857142857,
    "hedgehog": 0.375,
    "helicopter": 0.3076923076923077,
    "ibis": 0.0,
    "inline_skate": 0.0,
    "joshua_tree": 0.7777777777777778,
    "kangaroo": 0.3076923076923077,
    "ketch": 0.9411764705882353,
    "lamp": 0.1111111111111111,
    "laptop": 0.8333333333333334,
    "llama": 0.18181818181818182,
    "lobster": 0.0,
    "lotus": 0.3,
    "mandolin": 0.0,
    "mayfly": 0.0,
    "menorah": 0.7692307692307693,
    "metronome": 0.4,
    "minaret": 0.5454545454545454,
    "nautilus": 0.5555555555555556,
    "octopus": 0.2,
    "okapi": 0.0,
    "pagoda": 0.7142857142857143,
    "panda": 0.0,
    "pigeon": 0.0,
    "pizza": 0.625,
    "platypus": 0.0,
    "pyramid": 0.875,
    "revolver": 0.5384615384615384,
    "rhino": 0.4444444444444444,
    "rooster": 0.125,
    "saxophone": 0.3333333333333333,
    "schooner": 0.3333333333333333,
    "scissors": 0.3333333333333333,
    "scorpion": 0.5384615384615384,
    "sea_horse": 0.25,
    "snoopy": 0.4,
    "soccer_ball": 0.8888888888888888,
    "stapler": 0.0,
    "starfish": 0.3076923076923077,
    "stegosaurus": 0.1111111111111111,
    "stop_sign": 1.0,
    "strawberry": 0.4,
    "sunflower": 0.7692307692307693,
    "tick": 0.5714285714285714,
    "trilobite": 1.0,
    "umbrella": 0.5454545454545454,
    "watch": 0.7222222222222222,
    "water_lilly": 0.0,
    "wheelchair": 0.0,
    "wild_cat": 0.0,
    "windsor_chair": 0.8888888888888888,
    "wrench": 0.0,
    "yin_yang": 0.6666666666666666
  },
  "per_class": {
    "Faces": {
      "precision": 0.6404494382022472,
      "recall": 0.8636363636363636,
      "f1": 0.7354838709677419,
      "support": 66
    },
    "Faces_easy": {
      "precision": 0.7195121951219512,
      "recall": 0.8939393939393939,
      "f1": 0.7972972972972973,
      "support": 66
    },
    "Leopards": {
      "precision": 0.5102040816326531,
      "recall": 0.8333333333333334,
      "f1": 0.6329113924050633,
      "support": 30
    },
    "Motorbikes": {
      "precision": 0.6338797814207651,
      "recall": 0.9666666666666667,
      "f1": 0.7656765676567657,
      "support": 120
    },
    "accordion": {
      "precision": 0.42857142857142855,
      "recall": 0.375,
      "f1": 0.4,
      "support": 8
    },
    "airplanes": {
      "precision": 0.6290322580645161,
      "recall": 0.65,
      "f1": 0.639344262295082,
      "support": 120
    },
    "anchor": {
      "precision": 1.0,
      "recall": 0.16666666666666666,
      "f1": 0.2857142857142857,
      "support": 6
    },
    "ant": {
      "precision": 0.5,
      "recall": 0.16666666666666666,
      "f1": 0.25,
      "support": 6
    },
    "barrel": {
      "precision": 0.7142857142857143,
      "recall": 0.7142857142857143,
      "f1": 0.7142857142857143,
      "support": 7
    },
    "bass": {
      "precision": 0.0,
      "recall": 0.0,
      "f1": 0.0,
      "support": 8
    },
    "beaver": {
      "precision": 0.0,
      "recall": 0.0,
      "f1": 0.0,
      "support": 7
    },
    "binocular": {
      "precision": 0.0,
      "recall": 0.0,
      "f1": 0.0,
      "support": 5
    },
    "bonsai": {
      "precision": 0.4583333333333333,
      "recall": 0.5789473684210527,
      "f1": 0.5116279069767442,
      "support": 19
    },
    "brain": {
      "precision": 0.6,
      "recall": 0.6,
      "f1": 0.6,
      "support": 15
    },
    "brontosaurus": {
      "precision": 0.0,
      "recall": 0.0,
      "f1": 0.0,
      "support": 6
    },
    "buddha": {
      "precision": 0.4666666666666667,
      "recall": 0.5384615384615384,
      "f1": 0.5,
      "support": 13
    },
    "butterfly": {
      "precision": 0.35294117647058826,
      "recall": 0.42857142857142855,
      "f1": 0.3870967741935484,
      "support": 14
    },
    "camera": {
      "precision": 0.2,
      "recall": 0.14285714285714285,
      "f1": 0.16666666666666666,
      "support": 7
    },
    "cannon": {
      "precision": 1.0,
      "recall": 0.16666666666666666,
      "f1": 0.2857142857142857,
      "support": 6
    },
    "car_side": {
      "precision": 0.7391304347826086,
      "recall": 0.8947368421052632,
      "f1": 0.8095238095238095,
      "support": 19
    },
    "ceiling_fan": {
      "precision": 0.6666666666666666,
      "recall": 0.2857142857142857,
      "f1": 0.4,
      "support": 7
    },
    "cellphone": {
      "precision": 0.5,
      "recall": 0.5555555555555556,
      "f1": 0.5263157894736842,
      "support": 9
    },
    "chair": {
      "precision": 0.6666666666666666,
      "recall": 0.2,
      "f1": 0.3076923076923077,
      "support": 10
    },
    "chandelier": {
      "precision": 0.2857142857142857,
      "recall": 0.375,
      "f1": 0.32432432432432434,
      "support": 16
    },
    "cougar_body": {
      "precision": 0.0,
      "recall": 0.0,
      "f1": 0.0,
      "support": 7
    },
    "cougar_face": {
      "precision": 0.5,
      "recall": 0.5,
      "f1": 0.5,
      "support": 10
    },
    "crab": {
      "precision": 0.0,
      "recall": 0.0,
      "f1": 0.0,
      "support": 11
    },
    "crayfish": {
      "precision": 0.16666666666666666,
      "recall": 0.1,
      "f1": 0.125,
      "support": 10
    },
    "crocodile": {
      "precision": 0.2,
      "recall": 0.125,
      "f1": 0.15384615384615385,
      "support": 8
    },
    "crocodile_head": {
      "precision": 0.3333333333333333,
      "recall": 0.14285714285714285,
      "f1": 0.2,
      "support": 7
    },
    "cup": {
      "precision": 1.0,
      "recall": 0.125,
      "f1": 0.2222222222222222,
      "support": 8
    },
    "dalmatian": {
      "precision": 0.5384615384615384,
      "recall": 0.7,
      "f1": 0.6086956521739131,
      "support": 10
    },
    "dollar_bill": {
      "precision": 1.0,
      "recall": 0.625,
      "f1": 0.7692307692307693,
      "support": 8
    },
    "dolphin": {
      "precision": 0.2857142857142857,
      "recall": 0.2,
      "f1": 0.23529411764705882,
      "support": 10
    },
    "dragonfly": {
      "precision": 0.36363636363636365,
      "recall": 0.4,
      "f1": 0.38095238095238093,
      "support": 10
    },
    "electric_guitar": {
      "precision": 0.07692307692307693,