{
  "train_loss": [
    2.249166368183337
  ],
  "train_acc": [
    0.5652889840276635
  ],
  "val_acc": [
    0.7626728110599078
  ]
}