{
  "model": "efficientnet_b0",
  "image_size": 64,
  "augment": true,
  "optimizer": "adam",
  "test_accuracy": 0.5706605222734255,
  "top5_accuracy": 0.7772657450076805,
  "precision_macro": 0.47043218302314427,
  "precision_weighted": 0.5666255544651541,
  "recall_macro": 0.45214758377481007,
  "recall_weighted": 0.5706605222734255,
  "f1_macro": 0.4454418299581115,
  "f1_weighted": 0.5548499152196325,
  "per_class_accuracy": {
    "Faces": 0.8181818181818182,
    "Faces_easy": 0.9242424242424242,
    "Leopards": 0.8,
    "Motorbikes": 0.9333333333333333,
    "accordion": 0.5,
    "airplanes": 0.5666666666666667,
    "anchor": 0.16666666666666666,
    "ant": 0.16666666666666666,
    "barrel": 0.7142857142857143,
    "bass": 0.125,
    "beaver": 0.0,
    "binocular": 0.6,
    "bonsai": 0.5263157894736842,
    "brain": 0.6666666666666666,
    "brontosaurus": 0.16666666666666666,
    "buddha": 0.5384615384615384,
    "butterfly": 0.5,
    "camera": 0.2857142857142857,
    "cannon": 0.16666666666666666,
    "car_side": 0.8947368421052632,
    "ceiling_fan": 0.2857142857142857,
    "cellphone": 0.7777777777777778,
    "chair": 0.3,
    "chandelier": 0.375,
    "cougar_body": 0.0,
    "cougar_face": 0.6,
    "crab": 0.18181818181818182,
    "crayfish": 0.1,
    "crocodile": 0.25,
    "crocodile_head": 0.2857142857142857,
    "cup": 0.25,
    "dalmatian": 0.9,
    "dollar_bill": 0.625,
    "dolphin": 0.3,
    "dragonfly": 0.4,
    "electric_guitar": 0.09090909090909091,
    "elephant": 0.5,
    "emu": 0.125,
    "euphonium": 0.6666666666666666,
    "ewer": 0.6923076923076923,
    "ferry": 0.6,
    "flamingo": 0.5,
    "flamingo_head": 0.2857142857142857,
    "garfield": 1.0,
    "gerenuk": 0.2,
    "gramophone": 0.125,
    "grand_piano": 0.6,
    "hawksbill": 0.2,
    "headphone": 0.2857142857142857,
    "hedgehog": 0.125,
    "helicopter": 0.3076923076923077,
    "ibis": 0.25,
    "inline_skate": 0.2,
    "joshua_tree": 0.7777777777777778,
    "kangaroo": 0.3076923076923077,
    "ketch": 0.8823529411764706,
    "lamp": 0.4444444444444444,
    "laptop": 0.8333333333333334,
    "llama": 0.2727272727272727,
    "lobster": 0.16666666666666666,
    "lotus": 0.3,
    "mandolin": 0.0,
    "mayfly": 0.16666666666666666,
    "menorah": 0.6923076923076923,
    "metronome": 0.8,
    "minaret": 0.6363636363636364,
    "nautilus": 0.6666666666666666,
    "octopus": 0.4,
    "okapi": 0.3333333333333333,
    "pagoda": 0.7142857142857143,
    "panda": 0.3333333333333333,
    "pigeon": 0.16666666666666666,
    "pizza": 0.625,
    "platypus": 0.0,
    "pyramid": 0.75,
    "revolver": 0.38461538461538464,
    "rhino": 0.4444444444444444,
    "rooster": 0.125,
    "saxophone": 0.3333333333333333,
    "schooner": 0.4444444444444444,
    "scissors": 0.6666666666666666,
    "scorpion": 0.23076923076923078,
    "sea_horse": 0.375,
    "snoopy": 0.8,
    "soccer_ball": 1.0,
    "stapler": 0.42857142857142855,
    "starfish": 0.3076923076923077,
    "stegosaurus": 0.2222222222222222,
    "stop_sign": 0.9,
    "strawberry": 0.4,
    "sunflower": 0.9230769230769231,
    "tick": 0.7142857142857143,
    "trilobite": 0.9230769230769231,
    "umbrella": 0.5454545454545454,
    "watch": 0.75,
    "water_lilly": 0.16666666666666666,
    "wheelchair": 0.3333333333333333,
    "wild_cat": 0.2,
    "windsor_chair": 0.6666666666666666,
    "wrench": 0.0,
    "yin_yang": 0.6666666666666666
  },
  "per_class": {
    "Faces": {
      "precision": 0.7605633802816901,
      "recall": 0.8181818181818182,
      "f1": 0.7883211678832117,
      "support": 66
    },
    "Faces_easy": {
      "precision": 0.7922077922077922,
      "recall": 0.9242424242424242,
      "f1": 0.8531468531468531,
      "support": 66
    },
    "Leopards": {
      "precision": 0.6857142857142857,
      "recall": 0.8,
      "f1": 0.7384615384615385,
      "support": 30
    },
    "Motorbikes": {
      "precision": 0.7133757961783439,
      "recall": 0.9333333333333333,
      "f1": 0.8086642599277978,
      "support": 120
    },
    "accordion": {
      "precision": 1.0,
      "recall": 0.5,
      "f1": 0.6666666666666666,
      "support": 8
    },
    "airplanes": {
      "precision": 0.7640449438202247,
      "recall": 0.5666666666666667,
      "f1": 0.6507177033492823,
      "support": 120
    },
    "anchor": {
      "precision": 0.5,
      "recall": 0.16666666666666666,
      "f1": 0.25,
      "support": 6
    },
    "ant": {
      "precision": 0.3333333333333333,
      "recall": 0.16666666666666666,
      "f1": 0.2222222222222222,
      "support": 6
    },
    "barrel": {
      "precision": 1.0,
      "recall": 0.7142857142857143,
      "f1": 0.8333333333333334,
      "support": 7
    },
    "bass": {
      "precision": 0.2,
      "recall": 0.125,
      "f1": 0.15384615384615385,
      "support": 8
    },
    "beaver": {
      "precision": 0.0,
      "recall": 0.0,
      "f1": 0.0,
      "support": 7
    },
    "binocular": {
      "precision": 0.375,
      "recall": 0.6,
      "f1": 0.46153846153846156,
      "support": 5
    },
    "bonsai": {
      "precision": 0.5555555555555556,
      "recall": 0.5263157894736842,
      "f1": 0.5405405405405406,
      "support": 19
    },
    "brain": {
      "precision": 0.5555555555555556,
      "recall": 0.6666666666666666,
      "f1": 0.6060606060606061,
      "support": 15
    },
    "brontosaurus": {
      "precision": 0.5,
      "recall": 0.16666666666666666,
      "f1": 0.25,
      "support": 6
    },
    "buddha": {
      "precision": 0.3888888888888889,
      "recall": 0.5384615384615384,
      "f1": 0.45161290322580644,
      "support": 13
    },
    "butterfly": {
      "precision": 0.6363636363636364,
      "recall": 0.5,
      "f1": 0.56,
      "support": 14
    },
    "camera": {
      "precision": 0.25,
      "recall": 0.2857142857142857,
      "f1": 0.26666666666666666,
      "support": 7
    },
    "cannon": {
      "precision": 0.5,
      "recall": 0.16666666666666666,
      "f1": 0.25,
      "support": 6
    },
    "car_side": {
      "precision": 0.8095238095238095,
      "recall": 0.8947368421052632,
      "f1": 0.85,
      "support": 19
    },
    "ceiling_fan": {
      "precision": 0.2857142857142857,
      "recall": 0.2857142857142857,
      "f1": 0.2857142857142857,
      "support": 7
    },
    "cellphone": {
      "precision": 0.5384615384615384,
      "recall": 0.7777777777777778,
      "f1": 0.6363636363636364,
      "support": 9
    },
    "chair": {
      "precision": 0.2727272727272727,
      "recall": 0.3,
      "f1": 0.2857142857142857,
      "support": 10
    },
    "chandelier": {
      "precision": 0.3333333333333333,
      "recall": 0.375,
      "f1": 0.35294117647058826,
      "support": 16
    },
    "cougar_body": {
      "precision": 0.0,
      "recall": 0.0,
      "f1": 0.0,
      "support": 7
    },
    "cougar_face": {
      "precision": 0.6,
      "recall": 0.6,
      "f1": 0.6,
      "support": 10
    },
    "crab": {
      "precision": 0.5,
      "recall": 0.18181818181818182,
      "f1": 0.26666666666666666,
      "support": 11
    },
    "crayfish": {
      "precision": 0.1111111111111111,
      "recall": 0.1,
      "f1": 0.10526315789473684,
      "support": 10
    },
    "crocodile": {
      "precision": 0.2857142857142857,
      "recall": 0.25,
      "f1": 0.26666666666666666,
      "support": 8
    },
    "crocodile_head": {
      "precision": 0.2222222222222222,
      "recall": 0.2857142857142857,
      "f1": 0.25,
      "support": 7
    },
    "cup": {
      "precision": 0.5,
      "recall": 0.25,
      "f1": 0.3333333333333333,
      "support": 8
    },
    "dalmatian": {
      "precision": 0.6428571428571429,
      "recall": 0.9,
      "f1": 0.75,
      "support": 10
    },
    "dollar_bill": {
      "precision": 0.7142857142857143,
      "recall": 0.625,
      "f1": 0.6666666666666666,
      "support": 8
    },
    "dolphin": {
      "precision": 0.6,
      "recall": 0.3,
      "f1": 0.4,
      "support": 10
    },