{
  "train_loss": [
    2.248127894171494,
    0.8796479215285108,
    0.6260988129612329,
    0.478680115878317,
    0.4045769181559511,
    0.3478447049684429,
    0.3101874800248965,
    0.2639221804805079,
    0.24337709795824095,
    0.23071675333084787,
    0.2160163817017235,
    0.1966679465205395,
    0.18276739440197098,
    0.1778110917427582,
    0.16907835443590494,
    0.16971978107944227,
    0.15083657414771257,
    0.14654080218378018,
    0.1429778760872326,
    0.14108098188018595,
    0.14440475569394792,
    0.1379842246538643,
    0.14318489092059414,
    0.14081291380086408,
    0.1353038030176761
  ],
  "train_acc": [
    0.5623250452823975,
    0.8203523793841594,
    0.8630001646632637,
    0.8972501234974477,
    0.9084472254240079,
    0.9201383171414458,
    0.9275481640046106,
    0.9448378066853285,
    0.9463197760579615,
    0.9499423678577309,
    0.955705582084637,
    0.9578462045117734,
    0.964103408529557,
    0.9604808167297876,
    0.9616334595751688,
    0.9626214391569241,
    0.9673966738020747,
    0.9715132553927219,
    0.9721719084472255,
    0.9706899390745924,
    0.971348592129096,
    0.9748065206652395,
    0.9703606125473407,
    0.9721719084472255,
    0.9738185410834843
  ],
  "val_loss": [
    1.1649591391720164,
    0.8540563184178553,
    0.7616961565435207,
    0.7244032161759525,
    0.6732701832248319,
    0.6645523110109907,
    0.6316688235637413,
    0.6513693443458018,
    0.6301138175797353,
    0.6352985270561711,
    0.6455362994000658,
    0.6181165316870318,
    0.6389015988087691,
    0.6542699148394912,
    0.6237594380906101,
    0.6083770528000804,
    0.6407622202383941,
    0.6148901123971251,
    0.6105169820529158,
    0.6255735457401305,
    0.6274428150620878,
    0.6194291847275882,
    0.6193624483092406,
    0.6307936588190668,
    0.6098720245463873
  ],
  "val_acc": [
    0.783410138248848,
    0.8218125960061444,
    0.8241167434715821,
    0.8317972350230415,
    0.8356374807987711,
    0.8456221198156681,
    0.8456221198156681,
    0.8410138248847926,
    0.8456221198156681,
    0.8440860215053764,
    0.8348694316436251,
    0.8433179723502304,
    0.8402457757296466,
    0.836405529953917,
    0.8440860215053764,
    0.8456221198156681,
    0.8410138248847926,
    0.8433179723502304,
    0.8463901689708141,
    0.8402457757296466,
    0.8440860215053764,
    0.8463901689708141,
    0.8448540706605223,
    0.8517665130568356,
    0.8425499231950845
  ]
}