{
  "train_loss": [
    3.061147004635825,
    1.904400244706077,
    1.5988431608345173,
    1.4289390989176705,
    1.3148892546689395,
    1.232991912132155,
    1.1589871585300406,
    1.0786706798457046,
    1.0731995034292425,
    1.0181697235063452,
    0.975567259702929,
    0.9665985902412197,
    0.9422779080111251,
    0.8988893607018827,
    0.9071970456478409,
    0.8796651731227584,
    0.8544866243343897,
    0.8633422949316866,
    0.8538915349862808,
    0.8274953619526537,
    0.837159900910258,
    0.8287816443396973,
    0.845471474222585,
    0.8178897196175179,
    0.827382993378161
  ],
  "train_acc": [
    0.3746089247488885,
    0.5671002799275482,
    0.6145232998518031,
    0.6494319117404906,
    0.6698501564301005,
    0.6905977276469619,
    0.7006421867281409,
    0.7232010538448872,
    0.7195784620451178,
    0.7375267577803392,
    0.7416433393709864,
    0.739173390416598,
    0.74790054338877,
    0.7569570228881937,
    0.7539930841429278,
    0.7676601350238762,
    0.7729293594599045,
    0.7724353696690268,
    0.7701300839782644,
    0.7800098797958176,
    0.7762226247324222,
    0.7778692573686811,
    0.772270706405401,
    0.7781985838959328,
    0.782150502222954
  ],
  "val_loss": [
    2.2460109718750516,
    1.9631528737175117,
    1.903317004304877,
    1.8285895694052936,
    1.7891401856359432,
    1.7721073502952236,
    1.7260580355853712,
    1.8043303910854591,
    1.7416411566844183,
    1.7705807440475019,
    1.7730815132275888,
    1.7568911894492107,
    1.7525588971678563,
    1.759456540765484,
    1.7393056705433836,
    1.7626380198928435,
    1.798203964570334,
    1.7462149417162307,
    1.751168816503475,
    1.739217348728678,
    1.748730425827331,
    1.7376694715883692,
    1.7718041426575128,
    1.723646342296571,
    1.714329034685173
  ],
  "val_acc": [
    0.5192012288786483,
    0.5622119815668203,
    0.576036866359447,
    0.5821812596006144,
    0.5852534562211982,
    0.5829493087557603,
    0.5998463901689708,
    0.5821812596006144,
    0.598310291858679,
    0.6013824884792627,
    0.5975422427035331,
    0.5960061443932412,
    0.5990783410138248,
    0.6029185867895546,
    0.5975422427035331,
    0.5967741935483871,
    0.5937019969278033,
    0.6059907834101382,
    0.5975422427035331,
    0.6052227342549923,
    0.6059907834101382,
    0.6136712749615976,
    0.6013824884792627,
    0.6036866359447005,
    0.6067588325652842
  ]
}