{
  "train_loss": [
    3.0283477227455817,
    1.9277941028388312,
    1.6493040430433918,
    1.4969871434980104,
    1.4053280767137404,
    1.3108475507041797,
    1.271085781986702,
    1.2509112100948243,
    1.2128730681000246,
    1.2009190426378455,
    1.163278016691916,
    1.1191419622326102,
    1.1058741600258668,
    1.0886683510571948,
    1.0892464134694324,
    1.041830919748002,
    1.0326498388439274,
    1.0266892065939863,
    1.0464617935923755,
    1.0157390930066486,
    1.0215523819661938,
    1.0145707216605153,
    0.9832436668015029,
    0.9923225964350381,
    0.9960062212121952
  ],
  "train_acc": [
    0.3762555573851474,
    0.5577144739008727,
    0.6044788407706241,
    0.6255557385147373,
    0.6548657994401449,
    0.6667215544212086,
    0.6769306767660135,
    0.6731434217026181,
    0.6917503704923431,
    0.6920796970195949,
    0.6960316153466162,
    0.7072287172731764,
    0.7161205335089742,
    0.7098633294911905,
    0.7126626049728305,
    0.723365717108513,
    0.7264943191174049,
    0.7291289313354191,
    0.7258356660629014,
    0.7302815741808003,
    0.7340688292441956,
    0.7322575333443109,
    0.7360447884077063,
    0.7409846863164828,
    0.7325868598715627
  ],
  "val_loss": [
    2.3551230174238964,
    2.070231060827932,
    2.03159363771547,
    1.9736688243262412,
    1.938477827107302,
    1.9781489668903263,
    1.8860859687793456,
    1.9376665677892448,
    1.914741895165861,
    1.9079438471757506,
    1.8806554274991178,
    1.8925017541454685,
    1.947150972764796,
    1.9213403190519036,
    1.9417305564001408,
    1.9206211555938018,
    1.9346171077312229,
    1.883753445840651,
    1.9062115149930143,
    1.897052987563079,
    1.8848329209329162,
    1.9025938049439461,
    1.9083739447703558,
    1.861002693894089,
    1.8193362971421578
  ],
  "val_acc": [
    0.49539170506912444,
    0.5368663594470046,
    0.5483870967741935,
    0.5629800307219662,
    0.5614439324116743,
    0.5591397849462365,
    0.5599078341013825,
    0.5737327188940092,
    0.5591397849462365,
    0.5714285714285714,
    0.5729646697388633,
    0.5706605222734255,
    0.5614439324116743,
    0.5745007680491552,
    0.5606758832565284,
    0.5691244239631337,
    0.5683563748079877,
    0.5775729646697388,
    0.5675883256528418,
    0.5706605222734255,
    0.5783410138248848,
    0.5698924731182796,
    0.5645161290322581,
    0.5867895545314901,
    0.5913978494623656
  ]
}