{
  "train_loss": [
    2.169804662588733,
    0.8425836760189434,
    0.6002205323588018,
    0.4728344717990345,
    0.4083012688568234,
    0.3605206046439309,
    0.33329786033679837,
    0.2829836998683861,
    0.2667097645130382,
    0.2527856358424965,
    0.24213827798281354,
    0.21735028908081155,
    0.20904133535974329,
    0.20540939383582937,
    0.20708589320096038,
    0.18579911902760352,
    0.18636140511207872,
    0.1758503098940704,
    0.16897570594431208,
    0.1709443190807215,
    0.1710981187476135,
    0.16879540625895226,
    0.17184344463071222,
    0.16686101132909056,
    0.16081458352728217
  ],
  "train_acc": [
    0.581755310390252,
    0.8267742466655689,
    0.8681047258356661,
    0.8934628684340523,
    0.902519347933476,
    0.9130577968055327,
    0.9175037049234316,
    0.9341346945496459,
    0.9347933476041496,
    0.9387452659311708,
    0.9431911740490696,
    0.9478017454305945,
    0.9468137658488391,
    0.9494483780668533,
    0.9466491025852133,
    0.9561995718755145,
    0.9538942861847521,
    0.9571875514572699,
    0.9596575004116582,
    0.9576815412481475,
    0.957022888193644,
    0.9594928371480322,
    0.9578462045117734,
    0.9608101432570394,
    0.964268071793183
  ],
  "val_loss": [
    1.1220631148957987,
    0.8332456378709703,
    0.7389003462322663,
    0.7100668338037306,
    0.6619416430432309,
    0.6468919760071188,
    0.6195508612465749,
    0.6375855618541325,
    0.6121679139759867,
    0.6241307683437833,
    0.6218428863541505,
    0.6031041348584786,
    0.6187830389736252,
    0.6288767499125315,
    0.621833982463989,
    0.5969909000140364,
    0.6238494705860882,
    0.5975502627785854,
    0.5946293751581839,
    0.5937426855670326,
    0.6014122859490448,
    0.6109294052680699,
    0.5934673276731313,
    0.5970240958641568,
    0.5848644907756518
  ],
  "val_acc": [
    0.7918586789554531,
    0.8195084485407066,
    0.8333333333333334,
    0.8271889400921659,
    0.8310291858678955,
    0.8348694316436251,
    0.8494623655913979,
    0.8387096774193549,
    0.8394777265745008,
    0.8425499231950845,
    0.8387096774193549,
    0.8394777265745008,
    0.8387096774193549,
    0.837173579109063,
    0.837173579109063,
    0.8417818740399385,
    0.8394777265745008,
    0.8387096774193549,
    0.8440860215053764,
    0.8448540706605223,
    0.8379416282642089,
    0.847926267281106,
    0.8517665130568356,
    0.8394777265745008,
    0.8463901689708141
  ]
}