{
  "train_loss": [
    3.0277254570066368,
    1.9381649370113394,
    1.6565433783211623,
    1.4966755577981246,
    1.4232991253271656,
    1.3391645996216865,
    1.2814137889116772,
    1.2268385779576936,
    1.2059507171345683,
    1.1838674845814057,
    1.1634101840194635,
    1.1319632465435414,
    1.11105825827225,
    1.1029214931244946,
    1.056016144790976,
    1.0495068150298434,
    1.0343248414459367,
    1.0403651192222418,
    1.013125536018986,
    1.0029738669573682,
    1.0173486585811788,
    0.9983490455019087,
    1.0001269534571293,
    1.0143057498942878,
    1.0059723924730748
  ],
  "train_acc": [
    0.3727976288490038,
    0.5562325045282398,
    0.6038201877161206,
    0.637576156759427,
    0.6430100444590812,
    0.6593117075580438,
    0.6754487073933806,
    0.6813765848839124,
    0.693397003128602,
    0.6917503704923431,
    0.6966902684011197,
    0.7009715132553928,
    0.7041001152642845,
    0.7098633294911905,
    0.7258356660629014,
    0.7264943191174049,
    0.7273176354355343,
    0.7238597068993907,
    0.729293594599045,
    0.730610900708052,
    0.7302815741808003,
    0.7365387781985839,
    0.7360447884077063,
    0.7324221966079367,
    0.7327515231351885
  ],
  "val_loss": [
    2.4100108432330294,
    2.0898477393910633,
    2.0357269940471503,
    2.0039537685441164,
    1.9711442535740256,
    1.962591343028571,
    1.8791312845438124,
    1.95395661938575,
    1.922964783857495,
    1.91461089422809,
    1.9025646318122171,
    1.8955582440723473,
    1.905743511041738,
    1.939870373261506,
    1.9051297769385365,
    1.9008796226044404,
    1.9473211245236492,
    1.8748589356740315,
    1.8860284663198914,
    1.8650284381139846,
    1.8760746547154017,
    1.9100039964813607,
    1.8969516219448201,
    1.8508879398603777,
    1.7949560673738587
  ],
  "val_acc": [
    0.4815668202764977,
    0.532258064516129,
    0.5399385560675883,
    0.5529953917050692,
    0.5614439324116743,
    0.5583717357910907,
    0.576036866359447,
    0.5606758832565284,
    0.5706605222734255,
    0.5814132104454686,
    0.5821812596006144,
    0.5775729646697388,
    0.5752688172043011,
    0.5691244239631337,
    0.5798771121351767,
    0.5714285714285714,
    0.5683563748079877,
    0.5798771121351767,
    0.5745007680491552,
    0.5814132104454686,
    0.5706605222734255,
    0.5737327188940092,
    0.5737327188940092,
    0.5783410138248848,
    0.5944700460829493
  ]
}