{
  "train_loss": [
    1.8946570454703,
    0.5261702911182072,
    0.33088688053793086,
    0.24426545566366548,
    0.20304406451595963,
    0.16173595606927402,
    0.14405470142083016,
    0.11680190838356888,
    0.1089941164683848,
    0.10191440169567452,
    0.09279265776141636,
    0.08747872075217178,
    0.08079038364341933,
    0.07766029184229307,
    0.0738710235616,
    0.06840496066397661,
    0.066926185632388,
    0.06285588495051785,
    0.06104121227648551,
    0.05968212914632726,
    0.0583409901978882,
    0.06292326137897074,
    0.05704359729600546,
    0.06166029992813474,
    0.05856716687805311
  ],
  "train_acc": [
    0.677753993084143,
    0.9132224600691585,
    0.9367693067676601,
    0.9537296229211263,
    0.9575168779845217,
    0.9703606125473407,
    0.971348592129096,
    0.9789231022558867,
    0.9807343981557715,
    0.9820517042647785,
    0.9818870410011526,
    0.981393051210275,
    0.9843569899555409,
    0.9861682858554257,
    0.9853449695372962,
    0.9884735715461881,
    0.9879795817553104,
    0.9886382348098139,
    0.990120204182447,
    0.9894615511279433,
    0.9894615511279433,
    0.990120204182447,
    0.9924254898732093,
    0.9888028980734398,
    0.9920961633459575
  ],
  "val_loss": [
    0.7097125539581897,
    0.4380853105616826,
    0.35183854288952326,
    0.3228517210886409,
    0.2823277762225513,
    0.2718223378680269,
    0.2565281712743361,
    0.2606555821571482,
    0.24362395587055363,
    0.24598773020661555,
    0.2423192498870709,
    0.22892318299746917,
    0.2333757781900019,
    0.232473194965386,
    0.2271731165330714,
    0.22363907300199048,
    0.22403499939566202,
    0.22087686168982687,
    0.22077397658802947,
    0.22290841399616176,
    0.2203889383423713,
    0.22051002245436432,
    0.21983819602546603,
    0.2281121712538504,
    0.22001379245345676
  ],
  "val_acc": [
    0.901689708141321,
    0.9247311827956989,
    0.923963133640553,
    0.9262672811059908,
    0.9377880184331797,
    0.9316436251920123,
    0.9354838709677419,
    0.934715821812596,
    0.9370199692780338,
    0.9339477726574501,
    0.9377880184331797,
    0.9400921658986175,
    0.9370199692780338,
    0.9385560675883257,
    0.9408602150537635,
    0.9400921658986175,
    0.9370199692780338,
    0.9377880184331797,
    0.9416282642089093,
    0.9393241167434716,
    0.945468509984639,
    0.9423963133640553,
    0.9439324116743472,
    0.9431643625192012,
    0.9423963133640553
  ]
}