{
  "model": "efficientnet_b0",
  "image_size": 128,
  "augment": true,
  "optimizer": "sgd",
  "test_accuracy": 0.8010752688172043,
  "top5_accuracy": 0.9339477726574501,
  "precision_macro": 0.7629857738776292,
  "precision_weighted": 0.799672345928463,
  "recall_macro": 0.6972601452044636,
  "recall_weighted": 0.8010752688172043,
  "f1_macro": 0.6964718018258462,
  "f1_weighted": 0.7819719993852536,
  "per_class_accuracy": {
    "Faces": 0.9242424242424242,
    "Faces_easy": 0.9090909090909091,
    "Leopards": 0.9333333333333333,
    "Motorbikes": 1.0,
    "accordion": 1.0,
    "airplanes": 0.9333333333333333,
    "anchor": 0.0,
    "ant": 0.16666666666666666,
    "barrel": 1.0,
    "bass": 0.375,
    "beaver": 0.2857142857142857,
    "binocular": 0.6,
    "bonsai": 0.8421052631578947,
    "brain": 0.8666666666666667,
    "brontosaurus": 0.0,
    "buddha": 1.0,
    "butterfly": 0.7857142857142857,
    "camera": 0.5714285714285714,
    "cannon": 0.16666666666666666,
    "car_side": 1.0,
    "ceiling_fan": 0.5714285714285714,
    "cellphone": 0.7777777777777778,
    "chair": 0.6,
    "chandelier": 0.6875,
    "cougar_body": 0.42857142857142855,
    "cougar_face": 0.9,
    "crab": 0.45454545454545453,
    "crayfish": 0.4,
    "crocodile": 0.5,
    "crocodile_head": 0.7142857142857143,
    "cup": 0.875,
    "dalmatian": 1.0,
    "dollar_bill": 0.875,
    "dolphin": 0.5,
    "dragonfly": 0.9,
    "electric_guitar": 0.45454545454545453,
    "elephant": 0.8,
    "emu": 0.625,
    "euphonium": 0.6666666666666666,
    "ewer": 1.0,
    "ferry": 1.0,
    "flamingo": 0.9,
    "flamingo_head": 0.42857142857142855,
    "garfield": 1.0,
    "gerenuk": 0.4,
    "gramophone": 0.5,
    "grand_piano": 0.9333333333333333,
    "hawksbill": 0.9333333333333333,
    "headphone": 0.42857142857142855,
    "hedgehog": 0.875,
    "helicopter": 0.5384615384615384,
    "ibis": 0.8333333333333334,
    "inline_skate": 0.4,
    "joshua_tree": 0.8888888888888888,
    "kangaroo": 0.9230769230769231,
    "ketch": 0.8823529411764706,
    "lamp": 0.7777777777777778,
    "laptop": 1.0,
    "llama": 0.5454545454545454,
    "lobster": 0.0,
    "lotus": 0.4,
    "mandolin": 0.5,
    "mayfly": 0.16666666666666666,
    "menorah": 0.9230769230769231,
    "metronome": 0.8,
    "minaret": 1.0,
    "nautilus": 0.8888888888888888,
    "octopus": 0.4,
    "okapi": 0.8333333333333334,
    "pagoda": 1.0,
    "panda": 0.8333333333333334,
    "pigeon": 1.0,
    "pizza": 1.0,
    "platypus": 0.2,
    "pyramid": 0.875,
    "revolver": 0.8461538461538461,
    "rhino": 1.0,
    "rooster": 0.75,
    "saxophone": 0.5,
    "schooner": 0.2222222222222222,
    "scissors": 1.0,
    "scorpion": 0.8461538461538461,
    "sea_horse": 0.5,
    "snoopy": 0.8,
    "soccer_ball": 0.8888888888888888,
    "stapler": 0.5714285714285714,
    "starfish": 0.8461538461538461,
    "stegosaurus": 0.3333333333333333,
    "stop_sign": 1.0,
    "strawberry": 1.0,
    "sunflower": 1.0,
    "tick": 1.0,
    "trilobite": 1.0,
    "umbrella": 0.9090909090909091,
    "watch": 0.9444444444444444,
    "water_lilly": 0.0,
    "wheelchair": 0.3333333333333333,
    "wild_cat": 0.2,
    "windsor_chair": 0.8888888888888888,
    "wrench": 0.16666666666666666,
    "yin_yang": 0.7777777777777778
  },
  "per_class": {
    "Faces": {
      "precision": 0.8970588235294118,
      "recall": 0.9242424242424242,
      "f1": 0.9104477611940298,
      "support": 66
    },
    "Faces_easy": {
      "precision": 0.9090909090909091,
      "recall": 0.9090909090909091,
      "f1": 0.9090909090909091,
      "support": 66
    },
    "Leopards": {
      "precision": 0.8,
      "recall": 0.9333333333333333,
      "f1": 0.8615384615384616,
      "support": 30
    },
    "Motorbikes": {
      "precision": 0.9022556390977443,
      "recall": 1.0,
      "f1": 0.9486166007905138,
      "support": 120
    },
    "accordion": {
      "precision": 1.0,
      "recall": 1.0,
      "f1": 1.0,
      "support": 8
    },
    "airplanes": {
      "precision": 0.8888888888888888,
      "recall": 0.9333333333333333,
      "f1": 0.9105691056910569,
      "support": 120
    },
    "anchor": {
      "precision": 0.0,
      "recall": 0.0,
      "f1": 0.0,
      "support": 6
    },
    "ant": {
      "precision": 1.0,
      "recall": 0.16666666666666666,
      "f1": 0.2857142857142857,
      "support": 6
    },
    "barrel": {
      "precision": 0.875,
      "recall": 1.0,
      "f1": 0.9333333333333333,
      "support": 7
    },
    "bass": {
      "precision": 0.75,
      "recall": 0.375,
      "f1": 0.5,
      "support": 8
    },
    "beaver": {
      "precision": 0.5,
      "recall": 0.2857142857142857,
      "f1": 0.36363636363636365,
      "support": 7
    },
    "binocular": {
      "precision": 0.6,
      "recall": 0.6,
      "f1": 0.6,
      "support": 5
    },
    "bonsai": {
      "precision": 0.6666666666666666,
      "recall": 0.8421052631578947,
      "f1": 0.7441860465116279,
      "support": 19
    },
    "brain": {
      "precision": 0.7222222222222222,
      "recall": 0.8666666666666667,
      "f1": 0.7878787878787878,
      "support": 15
    },
    "brontosaurus": {
      "precision": 0.0,
      "recall": 0.0,
      "f1": 0.0,
      "support": 6
    },
    "buddha": {
      "precision": 0.7647058823529411,
      "recall": 1.0,
      "f1": 0.8666666666666667,
      "support": 13
    },
    "butterfly": {
      "precision": 0.9166666666666666,
      "recall": 0.7857142857142857,
      "f1": 0.8461538461538461,
      "support": 14
    },
    "camera": {
      "precision": 1.0,
      "recall": 0.5714285714285714,
      "f1": 0.7272727272727273,
      "support": 7
    },
    "cannon": {
      "precision": 1.0,
      "recall": 0.16666666666666666,
      "f1": 0.2857142857142857,
      "support": 6
    },
    "car_side": {
      "precision": 1.0,
      "recall": 1.0,
      "f1": 1.0,
      "support": 19
    },
    "ceiling_fan": {
      "precision": 0.8,
      "recall": 0.5714285714285714,
      "f1": 0.6666666666666666,
      "support": 7
    },
    "cellphone": {
      "precision": 0.5833333333333334,
      "recall": 0.7777777777777778,
      "f1": 0.6666666666666666,
      "support": 9
    },
    "chair": {
      "precision": 1.0,
      "recall": 0.6,
      "f1": 0.75,
      "support": 10
    },
    "chandelier": {
      "precision": 0.6470588235294118,
      "recall": 0.6875,
      "f1": 0.6666666666666666,
      "support": 16
    },
    "cougar_body": {
      "precision": 0.75,
      "recall": 0.42857142857142855,
      "f1": 0.5454545454545454,
      "support": 7
    },
    "cougar_face": {
      "precision": 0.9,
      "recall": 0.9,
      "f1": 0.9,
      "support": 10
    },
    "crab": {
      "precision": 0.625,
      "recall": 0.45454545454545453,
      "f1": 0.5263157894736842,
      "support": 11
    },
    "crayfish": {
      "precision": 0.4444444444444444,
      "recall": 0.4,
      "f1": 0.42105263157894735,
      "support": 10
    },
    "crocodile": {
      "precision": 0.6666666666666666,
      "recall": 0.5,
      "f1": 0.5714285714285714,
      "support": 8
    },
    "crocodile_head": {
      "precision": 0.8333333333333334,
      "recall": 0.7142857142857143,
      "f1": 0.7692307692307693,
      "support": 7
    },
    "cup": {
      "precision": 1.0,
      "recall": 0.875,
      "f1": 0.9333333333333333,
      "support": 8
    },
    "dalmatian": {
      "precision": 0.8333333333333334,
      "recall": 1.0,
      "f1": 0.9090909090909091,
      "support": 10
    },
    "dollar_bill": {
      "precision": 0.7777777777777778,
      "recall": 0.875,
      "f1": 0.8235294117647058,
      "support": 8
    },
    "dolphin": {
      "precision": 0.5555555555555556,
      "recall": 0.5,
      "f1": 0.5263157894736842,
      "support": 10
    },
    "dragonfly": {
      "precision": 0.75,
      "recall": 0.9,
      "f1": 0.8181818181818182,
      "support": 10
    },
    "electric_guitar": {
      "precision": 0.4166666666666667,