{
  "train_loss": [
    3.9785722842939637,
    3.290254088537944,
    2.965480714187421,
    2.729262861784651,
    2.5775161844373202,
    2.421360623752111,
    2.314638844318412,
    2.204922049594793,
    2.1456984860803234,
    2.091252542260489,
    2.0414851900970996,
    1.9880753924185923,
    1.9527451492270627,
    1.9340265678962922,
    1.8877168834337033,
    1.8652815434246859,
    1.8444361093898944,
    1.8559679177100668,
    1.837670273115779,
    1.821000210127445,
    1.827798706017313,
    1.8065619311261252,
    1.8040973219548815,
    1.8347806335771455,
    1.8190245213391614
  ],
  "train_acc": [
    0.21126296723201055,
    0.33904165980569734,
    0.3960151490202536,
    0.4376749547176025,
    0.47505351556067843,
    0.4951424337230364,
    0.5170426477852791,
    0.5368022394203853,
    0.5506339535649597,
    0.5568911575827433,
    0.564465667709534,
    0.5773094022723531,
    0.575992096163346,
    0.5774740655359789,
    0.588835830726165,
    0.5978923102255886,
    0.600362259179977,
    0.5893298205170426,
    0.5936110653713157,
    0.6018442285526099,
    0.5982216367528405,
    0.6056314836160053,
    0.6036555244524946,
    0.5970689939074593,
    0.6036555244524946
  ],
  "val_loss": [
    3.6231899880410707,
    3.245688501041606,
    3.045258316576206,
    2.887922851354479,
    2.744716756721063,
    2.637957868854388,
    2.518758569444929,
    2.4878018034218643,
    2.432222120589741,
    2.378102076584659,
    2.3270275735635364,
    2.2770672489054924,
    2.2712284101319202,
    2.2860738798953055,
    2.238411760916175,
    2.2274811872139506,
    2.252124680901453,
    2.1946886006954447,
    2.1955692097888013,
    2.1798731680106824,
    2.187569665103098,
    2.220646825254238,
    2.191754507395895,
    2.189996709838258,
    2.130195220677717
  ],
  "val_acc": [
    0.2872503840245776,
    0.36789554531490015,
    0.40860215053763443,
    0.43701996927803377,
    0.45622119815668205,
    0.47081413210445466,
    0.48847926267281105,
    0.48310291858678955,
    0.49385560675883255,
    0.5053763440860215,
    0.5122887864823349,
    0.5276497695852534,
    0.5245775729646698,
    0.5230414746543779,
    0.5138248847926268,
    0.532258064516129,
    0.5138248847926268,
    0.5345622119815668,
    0.5261136712749616,
    0.5284178187403994,
    0.5353302611367128,
    0.5291858678955453,
    0.533026113671275,
    0.5399385560675883,
    0.5445468509984639
  ]
}