{
  "model": "hog_lr",
  "image_size": 64,
  "classifier": "lr",
  "test_accuracy": 0.6605222734254992,
  "top5_accuracy": 0.8248847926267281,
  "val_accuracy": 0.6574500768049155,
  "f1_macro": 0.48884841649249416,
  "f1_weighted": 0.6525527127579125
}