{
  "model": "hog_svm",
  "image_size": 64,
  "classifier": "svm",
  "test_accuracy": 0.5460829493087558,
  "top5_accuracy": 0.6996927803379416,
  "val_accuracy": 0.5583717357910907,
  "f1_macro": 0.3445029193690101,
  "f1_weighted": 0.5329901496284724
}