{
  "model": "resnet18",
  "image_size": 128,
  "augment": false,
  "optimizer": "adamw",
  "test_accuracy": 0.8563748079877113,
  "top5_accuracy": 0.956221198156682,
  "precision_macro": 0.8193696765466896,
  "precision_weighted": 0.8641472232217622,
  "recall_macro": 0.7965343817748561,
  "recall_weighted": 0.8563748079877113,
  "f1_macro": 0.799148718339938,
  "f1_weighted": 0.8548275932571613,
  "per_class_accuracy": {
    "Faces": 0.9393939393939394,
    "Faces_easy": 0.9242424242424242,
    "Leopards": 1.0,
    "Motorbikes": 1.0,
    "accordion": 0.75,
    "airplanes": 0.9916666666666667,
    "anchor": 0.5,
    "ant": 0.8333333333333334,
    "barrel": 0.5714285714285714,
    "bass": 0.5,
    "beaver": 0.42857142857142855,
    "binocular": 0.8,
    "bonsai": 0.8421052631578947,
    "brain": 0.8666666666666667,
    "brontosaurus": 0.6666666666666666,
    "buddha": 0.9230769230769231,
    "butterfly": 0.8571428571428571,
    "camera": 0.5714285714285714,
    "cannon": 0.5,
    "car_side": 1.0,
    "ceiling_fan": 0.7142857142857143,
    "cellphone": 0.8888888888888888,
    "chair": 0.6,
    "chandelier": 0.875,
    "cougar_body": 0.42857142857142855,
    "cougar_face": 0.9,
    "crab": 0.5454545454545454,
    "crayfish": 0.2,
    "crocodile": 0.375,
    "crocodile_head": 0.8571428571428571,
    "cup": 1.0,
    "dalmatian": 1.0,
    "dollar_bill": 1.0,
    "dolphin": 0.8,
    "dragonfly": 0.5,
    "electric_guitar": 0.8181818181818182,
    "elephant": 0.6,
    "emu": 0.875,
    "euphonium": 0.7777777777777778,
    "ewer": 1.0,
    "ferry": 1.0,
    "flamingo": 1.0,
    "flamingo_head": 0.7142857142857143,
    "garfield": 1.0,
    "gerenuk": 0.6,
    "gramophone": 0.75,
    "grand_piano": 0.9333333333333333,
    "hawksbill": 0.8666666666666667,
    "headphone": 0.7142857142857143,
    "hedgehog": 1.0,
    "helicopter": 0.46153846153846156,
    "ibis": 0.5,
    "inline_skate": 0.8,
    "joshua_tree": 0.8888888888888888,
    "kangaroo": 0.8461538461538461,
    "ketch": 0.8235294117647058,
    "lamp": 0.7777777777777778,
    "laptop": 0.9166666666666666,
    "llama": 0.8181818181818182,
    "lobster": 0.5,
    "lotus": 0.4,
    "mandolin": 1.0,
    "mayfly": 0.6666666666666666,
    "menorah": 0.8461538461538461,
    "metronome": 0.8,
    "minaret": 1.0,
    "nautilus": 0.8888888888888888,
    "octopus": 1.0,
    "okapi": 1.0,
    "pagoda": 1.0,
    "panda": 1.0,
    "pigeon": 0.8333333333333334,
    "pizza": 1.0,
    "platypus": 0.6,
    "pyramid": 0.875,
    "revolver": 0.7692307692307693,
    "rhino": 0.7777777777777778,
    "rooster": 0.75,
    "saxophone": 0.6666666666666666,
    "schooner": 0.6666666666666666,
    "scissors": 0.8333333333333334,
    "scorpion": 0.6923076923076923,
    "sea_horse": 0.625,
    "snoopy": 0.8,
    "soccer_ball": 1.0,
    "stapler": 1.0,
    "starfish": 0.9230769230769231,
    "stegosaurus": 0.7777777777777778,
    "stop_sign": 1.0,
    "strawberry": 1.0,
    "sunflower": 1.0,
    "tick": 1.0,
    "trilobite": 1.0,
    "umbrella": 0.9090909090909091,
    "watch": 0.9166666666666666,
    "water_lilly": 0.3333333333333333,
    "wheelchair": 0.7777777777777778,
    "wild_cat": 0.8,
    "windsor_chair": 0.8888888888888888,
    "wrench": 0.5,
    "yin_yang": 1.0
  },
  "per_class": {
    "Faces": {
      "precision": 0.9253731343283582,
      "recall": 0.9393939393939394,
      "f1": 0.9323308270676691,
      "support": 66
    },
    "Faces_easy": {
      "precision": 0.9242424242424242,
      "recall": 0.9242424242424242,
      "f1": 0.9242424242424242,
      "support": 66
    },
    "Leopards": {
      "precision": 0.9375,
      "recall": 1.0,
      "f1": 0.967741935483871,
      "support": 30
    },
    "Motorbikes": {
      "precision": 0.9917355371900827,
      "recall": 1.0,
      "f1": 0.995850622406639,
      "support": 120
    },
    "accordion": {
      "precision": 1.0,
      "recall": 0.75,
      "f1": 0.8571428571428571,
      "support": 8
    },
    "airplanes": {
      "precision": 0.9224806201550387,
      "recall": 0.9916666666666667,
      "f1": 0.9558232931726908,
      "support": 120
    },
    "anchor": {
      "precision": 0.3333333333333333,
      "recall": 0.5,
      "f1": 0.4,
      "support": 6
    },
    "ant": {
      "precision": 1.0,
      "recall": 0.8333333333333334,
      "f1": 0.9090909090909091,
      "support": 6
    },
    "barrel": {
      "precision": 0.8,
      "recall": 0.5714285714285714,
      "f1": 0.6666666666666666,
      "support": 7
    },
    "bass": {
      "precision": 0.8,
      "recall": 0.5,
      "f1": 0.6153846153846154,
      "support": 8
    },
    "beaver": {
      "precision": 0.6,
      "recall": 0.42857142857142855,
      "f1": 0.5,
      "support": 7
    },
    "binocular": {
      "precision": 0.5714285714285714,
      "recall": 0.8,
      "f1": 0.6666666666666666,
      "support": 5
    },
    "bonsai": {
      "precision": 0.9411764705882353,
      "recall": 0.8421052631578947,
      "f1": 0.8888888888888888,
      "support": 19
    },
    "brain": {
      "precision": 0.9285714285714286,
      "recall": 0.8666666666666667,
      "f1": 0.896551724137931,
      "support": 15
    },
    "brontosaurus": {
      "precision": 0.5714285714285714,
      "recall": 0.6666666666666666,
      "f1": 0.6153846153846154,
      "support": 6
    },
    "buddha": {
      "precision": 1.0,
      "recall": 0.9230769230769231,
      "f1": 0.96,
      "support": 13
    },
    "butterfly": {
      "precision": 0.8571428571428571,
      "recall": 0.8571428571428571,
      "f1": 0.8571428571428571,
      "support": 14
    },
    "camera": {
      "precision": 1.0,
      "recall": 0.5714285714285714,
      "f1": 0.7272727272727273,
      "support": 7
    },
    "cannon": {
      "precision": 0.75,
      "recall": 0.5,
      "f1": 0.6,
      "support": 6
    },
    "car_side": {
      "precision": 1.0,
      "recall": 1.0,
      "f1": 1.0,
      "support": 19
    },
    "ceiling_fan": {
      "precision": 0.7142857142857143,
      "recall": 0.7142857142857143,
      "f1": 0.7142857142857143,
      "support": 7
    },
    "cellphone": {
      "precision": 0.8,
      "recall": 0.8888888888888888,
      "f1": 0.8421052631578947,
      "support": 9
    },
    "chair": {
      "precision": 0.6,
      "recall": 0.6,
      "f1": 0.6,
      "support": 10
    },
    "chandelier": {
      "precision": 0.7,
      "recall": 0.875,
      "f1": 0.7777777777777778,
      "support": 16
    },
    "cougar_body": {
      "precision": 0.75,
      "recall": 0.42857142857142855,
      "f1": 0.5454545454545454,
      "support": 7
    },
    "cougar_face": {
      "precision": 0.9,
      "recall": 0.9,
      "f1": 0.9,
      "support": 10
    },
    "crab": {
      "precision": 0.42857142857142855,
      "recall": 0.5454545454545454,
      "f1": 0.48,
      "support": 11
    },
    "crayfish": {
      "precision": 0.3333333333333333,
      "recall": 0.2,
      "f1": 0.25,
      "support": 10
    },
    "crocodile": {
      "precision": 0.42857142857142855,
      "recall": 0.375,
      "f1": 0.4,
      "support": 8
    },
    "crocodile_head": {
      "precision": 0.5,
      "recall": 0.8571428571428571,
      "f1": 0.631578947368421,
      "support": 7
    },
    "cup": {
      "precision": 1.0,
      "recall": 1.0,
      "f1": 1.0,
      "support": 8
    },
    "dalmatian": {
      "precision": 1.0,
      "recall": 1.0,
      "f1": 1.0,
      "support": 10
    },
    "dollar_bill": {
      "precision": 1.0,
      "recall": 1.0,
      "f1": 1.0,
      "support": 8
    },
    "dolphin": {
      "precision": 1.0,
      "recall": 0.8,
      "f1": 0.8888888888888888,
      "support": 10
    },
    "dragonfly": {
      "precision": 0.5,
      "recall": 0.5,
      "f1": 0.5,
      "support": 10
    },
    "electric_guitar": {
      "precision": 0.6,
      "recall": 0.8181818181818182,
      "f1": 0.6923076923076923,
      "support": 11
    },
    "elephant": {
      "precision": 0.6666666666666666,