{
  "train_loss": [
    2.0002290305285717,
    0.5968303408896375,
    0.37141829765394574,
    0.2636215626081937,
    0.21389346722517733,
    0.17584107634156732,
    0.14708625014749288,
    0.12389415051440283,
    0.10843386757421411,
    0.09936017775317697,
    0.09055616184590617,
    0.08389929133988322,
    0.07647598372389257,
    0.0679185100350018,
    0.06610588115595052,
    0.0640161171059877,
    0.05854344119669165,
    0.05700955499701537,
    0.05604396890201718,
    0.05612225125982521,
    0.05269434192568608,
    0.05139146286122551,
    0.04835946931662129,
    0.0486642251982144,
    0.04999019832177176
  ],
  "train_acc": [
    0.6092540754157747,
    0.8965914704429442,
    0.9306767660135024,
    0.9550469290301333,
    0.9593281738844064,
    0.9687139799110819,
    0.9754651737197432,
    0.9797464185740161,
    0.9851803062736704,
    0.9860036225917997,
    0.9874855919644328,
    0.9869916021735551,
    0.990120204182447,
    0.990120204182447,
    0.9929194796640869,
    0.9909435205005763,
    0.9929194796640869,
    0.9937427959822164,
    0.9916021735550798,
    0.9937427959822164,
    0.9939074592458422,
    0.9930841429277129,
    0.9958834184093529,
    0.9952247653548494,
    0.9962127449366046
  ],
  "val_loss": [
    0.8520163306809058,
    0.5216356090136937,
    0.41203430427750504,
    0.38595258644832076,
    0.36116552744318264,
    0.3357178292333073,
    0.3178732843580334,
    0.3199786970966972,
    0.30923584684981364,
    0.31797142132269807,
    0.3048627659472452,
    0.2927587137381602,
    0.29922347198799826,
    0.2886362309737872,
    0.2994621647393099,
    0.28328535709238273,
    0.2767508988785121,
    0.27599525090003707,
    0.27405263117289946,
    0.27400551399876993,
    0.2732658506172227,
    0.2703321123819014,
    0.2755242213721283,
    0.28029715454065673,
    0.27569289205627323
  ],
  "val_acc": [
    0.8294930875576036,
    0.8894009216589862,
    0.9078341013824884,
    0.9086021505376344,
    0.9132104454685099,
    0.9139784946236559,
    0.9216589861751152,
    0.9170506912442397,
    0.9201228878648233,
    0.9109062980030722,
    0.9132104454685099,
    0.9208909370199693,
    0.9185867895545314,
    0.9185867895545314,
    0.9170506912442397,
    0.9201228878648233,
    0.9216589861751152,
    0.9247311827956989,
    0.923963133640553,
    0.9254992319508448,
    0.9262672811059908,
    0.923963133640553,
    0.9247311827956989,
    0.9247311827956989,
    0.9254992319508448
  ]
}