{
  "train_loss": [
    2.8153943671988593,
    1.5919201323802714,
    1.3092703621018056,
    1.1509961495775574,
    1.0720741608263378,
    0.9899597198394305,
    0.9177569482366944,
    0.8720287982133357,
    0.8426877965688431,
    0.7974456021641656,
    0.7865985052679431,
    0.7522484941928523,
    0.7065569511968223,
    0.6969564563651346,
    0.6959867377797835,
    0.6697179022817582,
    0.6703994295928027,
    0.6422932836088027,
    0.6433724811064162,
    0.6271928248286895,
    0.6273937796655212,
    0.5999978095582579,
    0.610882528478342,
    0.6129390826712875,
    0.6050857480817192
  ],
  "train_acc": [
    0.4123168121192162,
    0.6196278610242055,
    0.6764366869751358,
    0.7093693397003129,
    0.7213897579450025,
    0.7401613699983534,
    0.7612382677424666,
    0.7642022064877326,
    0.767824798287502,
    0.7857730940227236,
    0.7897250123497448,
    0.7987814918491685,
    0.8040507162851968,
    0.8084966244030957,
    0.8096492672484769,
    0.8168944508480158,
    0.8213403589659147,
    0.8234809813930513,
    0.8269389099291948,
    0.8289148690927054,
    0.8279268895109501,
    0.8460398485097974,
    0.8348427465832373,
    0.8315494813107196,
    0.8355013996377408
  ],
  "val_loss": [
    2.1778774598410235,
    1.906239433039535,
    1.8336242263401341,
    1.7941359708202966,
    1.744571795295094,
    1.6932379243560651,
    1.747881877989996,
    1.6996452434821063,
    1.7315944332497826,
    1.7551396350889894,
    1.7412909988983436,
    1.6964093972277898,
    1.7739046411030852,
    1.6984112013686454,
    1.7282396820466823,
    1.7084391340498917,
    1.7503583636335147,
    1.6865032576196204,
    1.7337061659348543,
    1.7187481768852737,
    1.7083208007929696,
    1.6815047850074123,
    1.6971276487622942,
    1.6916578072373585,
    1.6812407970428467
  ],
  "val_acc": [
    0.5084485407066052,
    0.5483870967741935,
    0.554531490015361,
    0.5821812596006144,
    0.5906298003072197,
    0.598310291858679,
    0.5875576036866359,
    0.598310291858679,
    0.5998463901689708,
    0.5860215053763441,
    0.6013824884792627,
    0.6152073732718893,
    0.5937019969278033,
    0.5944700460829493,
    0.5998463901689708,
    0.6159754224270353,
    0.6036866359447005,
    0.6159754224270353,
    0.6021505376344086,
    0.6105990783410138,
    0.6075268817204301,
    0.6059907834101382,
    0.6098310291858678,
    0.6144393241167435,
    0.6113671274961597
  ]
}