{
  "train_loss": [
    2.8286015126451165,
    1.5887361955705515,
    1.309945595710022,
    1.1390896208023644,
    1.0631100008147327,
    0.9864014270728451,
    0.9305706197693735,
    0.8770118541739514,
    0.8497106867215003,
    0.8286489368211334,
    0.778895858336021,
    0.7542967044421874,
    0.7345454309282282,
    0.7134384473544377,
    0.7085062200717276,
    0.660178331356749,
    0.6687462956532799,
    0.6302836546783253,
    0.6395549026093843,
    0.6305973482116255,
    0.620244510117265,
    0.6151585800534277,
    0.617392101221887,
    0.6127591022996794,
    0.6149307153143679
  ],
  "train_acc": [
    0.405400955046929,
    0.6255557385147373,
    0.6785773094022723,
    0.7078873703276799,
    0.7261649925901531,
    0.7388440638893463,
    0.7590976453153302,
    0.7679894615511279,
    0.7712827268236456,
    0.7767166145232999,
    0.792194961304133,
    0.7946649102585214,
    0.802239420385312,
    0.8060266754487074,
    0.8089906141939733,
    0.8200230528569076,
    0.8229869916021736,
    0.8317141445743454,
    0.8294088588835831,
    0.8307261649925901,
    0.8322081343652231,
    0.8379713485921291,
    0.835172073110489,
    0.8358307261649925,
    0.8307261649925901
  ],
  "val_loss": [
    2.1555925254265103,
    1.8955874256274667,
    1.8295123767559796,
    1.7892552649004303,
    1.7773389530621366,
    1.722278509271859,
    1.7696291140513851,
    1.7447189233636344,
    1.7552230812254406,
    1.7896877371587327,
    1.8040409967097268,
    1.699790832267562,
    1.793138258651288,
    1.7298945388120075,
    1.7445235900615217,
    1.730984172513408,
    1.773961559418709,
    1.721263363247826,
    1.7524531187915948,
    1.7584139011605726,
    1.7230763431701426,
    1.7170271459629276,
    1.7308955665008263,
    1.7147443202966552,
    1.6996988444467478
  ],
  "val_acc": [
    0.5184331797235023,
    0.5514592933947773,
    0.5645161290322581,
    0.5745007680491552,
    0.5898617511520737,
    0.5852534562211982,
    0.5998463901689708,
    0.5898617511520737,
    0.5937019969278033,
    0.5952380952380952,
    0.5937019969278033,
    0.6082949308755761,
    0.5913978494623656,
    0.5975422427035331,
    0.5998463901689708,
    0.6144393241167435,
    0.5998463901689708,
    0.6167434715821812,
    0.6075268817204301,
    0.609062980030722,
    0.6113671274961597,
    0.6075268817204301,
    0.609062980030722,
    0.6159754224270353,
    0.6098310291858678
  ]
}