{
  "train_loss": [
    3.090074574399697,
    1.7925964003631552,
    1.2952053804443122,
    1.0340567451223752,
    0.8817427129500509,
    0.7766536403954687,
    0.7034005166454526,
    0.6429222863607346,
    0.6053868503031141,
    0.5760726865308006,
    0.5461175781035961,
    0.5302621416199174,
    0.5130644941004108,
    0.48504351505667104,
    0.48363170056195465,
    0.470181356465897,
    0.4661427374267311,
    0.44978345408189163,
    0.4504023732501868,
    0.45506500558878277,
    0.44708398952724393,
    0.4366103254667169,
    0.4381938975027713,
    0.43883262626935954,
    0.4337984641497716
  ],
  "train_acc": [
    0.3770788737032768,
    0.6593117075580438,
    0.760744277951589,
    0.8106372468302322,
    0.8378066853285032,
    0.8557549810637247,
    0.8722213074263132,
    0.8814424501893627,
    0.8850650419891323,
    0.8911575827432899,
    0.8942861847521818,
    0.9007080520335913,
    0.902684011197102,
    0.9082825621603821,
    0.9079532356331302,
    0.9117404906965256,
    0.9086118886876338,
    0.9119051539601515,
    0.9138811131236622,
    0.9092705417421373,
    0.9132224600691585,
    0.9176683681870574,
    0.9163510620780504,
    0.9170097151325539,
    0.9184916845051869
  ],
  "val_loss": [
    2.229308736672233,
    1.5600197881048177,
    1.280657220912236,
    1.1277922758125856,
    0.9910348329675912,
    0.9432348698698064,
    0.8847039491167084,
    0.8671016049458318,
    0.8336025931501901,
    0.8237704825108318,
    0.7901663096269704,
    0.7725994403827392,
    0.7936188288364908,
    0.7634657864013942,
    0.7475265584050602,
    0.7317487041704849,
    0.7556974734029462,
    0.7416733371497299,
    0.7367416071818538,
    0.7247063350933854,
    0.7318522973177803,
    0.7335147279931287,
    0.7355273487747357,
    0.7456964234236382,
    0.7183996267765531
  ],
  "val_acc": [
    0.5606758832565284,
    0.6804915514592934,
    0.7503840245775729,
    0.7596006144393241,
    0.7903225806451613,
    0.7980030721966206,
    0.8026113671274961,
    0.8026113671274961,
    0.8056835637480799,
    0.814900153609831,
    0.8172043010752689,
    0.8164362519201229,
    0.8241167434715821,
    0.8210445468509985,
    0.8233486943164362,
    0.8302611367127496,
    0.8225806451612904,
    0.8271889400921659,
    0.8248847926267281,
    0.8271889400921659,
    0.8310291858678955,
    0.825652841781874,
    0.8241167434715821,
    0.825652841781874,
    0.8294930875576036
  ]
}