{
  "model": "resnet18",
  "image_size": 128,
  "augment": true,
  "optimizer": "adamw",
  "test_accuracy": 0.8594470046082949,
  "top5_accuracy": 0.9623655913978495,
  "precision_macro": 0.8278096952993603,
  "precision_weighted": 0.8651299877688683,
  "recall_macro": 0.8079060398980394,
  "recall_weighted": 0.8594470046082949,
  "f1_macro": 0.8101699576739652,
  "f1_weighted": 0.8572655140640142,
  "per_class_accuracy": {
    "Faces": 1.0,
    "Faces_easy": 0.9242424242424242,
    "Leopards": 1.0,
    "Motorbikes": 1.0,
    "accordion": 0.875,
    "airplanes": 0.8833333333333333,
    "anchor": 0.5,
    "ant": 0.8333333333333334,
    "barrel": 0.7142857142857143,
    "bass": 0.5,
    "beaver": 0.5714285714285714,
    "binocular": 0.8,
    "bonsai": 0.8947368421052632,
    "brain": 0.7333333333333333,
    "brontosaurus": 0.5,
    "buddha": 0.9230769230769231,
    "butterfly": 0.8571428571428571,
    "camera": 0.5714285714285714,
    "cannon": 0.5,
    "car_side": 1.0,
    "ceiling_fan": 0.42857142857142855,
    "cellphone": 0.8888888888888888,
    "chair": 0.7,
    "chandelier": 0.75,
    "cougar_body": 0.42857142857142855,
    "cougar_face": 0.9,
    "crab": 0.9090909090909091,
    "crayfish": 0.4,
    "crocodile": 0.5,
    "crocodile_head": 0.8571428571428571,
    "cup": 1.0,
    "dalmatian": 1.0,
    "dollar_bill": 1.0,
    "dolphin": 0.9,
    "dragonfly": 0.5,
    "electric_guitar": 0.7272727272727273,
    "elephant": 0.8,
    "emu": 0.875,
    "euphonium": 0.7777777777777778,
    "ewer": 0.9230769230769231,
    "ferry": 1.0,
    "flamingo": 1.0,
    "flamingo_head": 0.7142857142857143,
    "garfield": 1.0,
    "gerenuk": 0.8,
    "gramophone": 0.625,
    "grand_piano": 1.0,
    "hawksbill": 0.8,
    "headphone": 0.7142857142857143,
    "hedgehog": 1.0,
    "helicopter": 0.5384615384615384,
    "ibis": 0.75,
    "inline_skate": 0.8,
    "joshua_tree": 0.8888888888888888,
    "kangaroo": 0.9230769230769231,
    "ketch": 0.8823529411764706,
    "lamp": 0.7777777777777778,
    "laptop": 0.9166666666666666,
    "llama": 0.8181818181818182,
    "lobster": 0.5,
    "lotus": 0.4,
    "mandolin": 1.0,
    "mayfly": 0.5,
    "menorah": 0.9230769230769231,
    "metronome": 1.0,
    "minaret": 0.9090909090909091,
    "nautilus": 0.8888888888888888,
    "octopus": 0.8,
    "okapi": 1.0,
    "pagoda": 1.0,
    "panda": 1.0,
    "pigeon": 0.8333333333333334,
    "pizza": 1.0,
    "platypus": 0.6,
    "pyramid": 0.875,
    "revolver": 0.6923076923076923,
    "rhino": 0.8888888888888888,
    "rooster": 0.875,
    "saxophone": 0.6666666666666666,
    "schooner": 0.4444444444444444,
    "scissors": 0.8333333333333334,
    "scorpion": 0.8461538461538461,
    "sea_horse": 0.5,
    "snoopy": 0.8,
    "soccer_ball": 1.0,
    "stapler": 1.0,
    "starfish": 0.9230769230769231,
    "stegosaurus": 0.6666666666666666,
    "stop_sign": 1.0,
    "strawberry": 1.0,
    "sunflower": 1.0,
    "tick": 1.0,
    "trilobite": 1.0,
    "umbrella": 0.9090909090909091,
    "watch": 0.9722222222222222,
    "water_lilly": 0.5,
    "wheelchair": 0.6666666666666666,
    "wild_cat": 1.0,
    "windsor_chair": 0.8888888888888888,
    "wrench": 0.5,
    "yin_yang": 1.0
  },
  "per_class": {
    "Faces": {
      "precision": 0.9166666666666666,
      "recall": 1.0,
      "f1": 0.9565217391304348,
      "support": 66
    },
    "Faces_easy": {
      "precision": 1.0,
      "recall": 0.9242424242424242,
      "f1": 0.9606299212598425,
      "support": 66
    },
    "Leopards": {
      "precision": 0.9375,
      "recall": 1.0,
      "f1": 0.967741935483871,
      "support": 30
    },
    "Motorbikes": {
      "precision": 0.96,
      "recall": 1.0,
      "f1": 0.9795918367346939,
      "support": 120
    },
    "accordion": {
      "precision": 1.0,
      "recall": 0.875,
      "f1": 0.9333333333333333,
      "support": 8
    },
    "airplanes": {
      "precision": 0.8983050847457628,
      "recall": 0.8833333333333333,
      "f1": 0.8907563025210085,
      "support": 120
    },
    "anchor": {
      "precision": 0.5,
      "recall": 0.5,
      "f1": 0.5,
      "support": 6
    },
    "ant": {
      "precision": 0.8333333333333334,
      "recall": 0.8333333333333334,
      "f1": 0.8333333333333334,
      "support": 6
    },
    "barrel": {
      "precision": 0.8333333333333334,
      "recall": 0.7142857142857143,
      "f1": 0.7692307692307693,
      "support": 7
    },
    "bass": {
      "precision": 1.0,
      "recall": 0.5,
      "f1": 0.6666666666666666,
      "support": 8
    },
    "beaver": {
      "precision": 0.6666666666666666,
      "recall": 0.5714285714285714,
      "f1": 0.6153846153846154,
      "support": 7
    },
    "binocular": {
      "precision": 0.6666666666666666,
      "recall": 0.8,
      "f1": 0.7272727272727273,
      "support": 5
    },
    "bonsai": {
      "precision": 0.8947368421052632,
      "recall": 0.8947368421052632,
      "f1": 0.8947368421052632,
      "support": 19
    },
    "brain": {
      "precision": 0.9166666666666666,
      "recall": 0.7333333333333333,
      "f1": 0.8148148148148148,
      "support": 15
    },
    "brontosaurus": {
      "precision": 0.75,
      "recall": 0.5,
      "f1": 0.6,
      "support": 6
    },
    "buddha": {
      "precision": 0.9230769230769231,
      "recall": 0.9230769230769231,
      "f1": 0.9230769230769231,
      "support": 13
    },
    "butterfly": {
      "precision": 0.9230769230769231,
      "recall": 0.8571428571428571,
      "f1": 0.8888888888888888,
      "support": 14
    },
    "camera": {
      "precision": 1.0,
      "recall": 0.5714285714285714,
      "f1": 0.7272727272727273,
      "support": 7
    },
    "cannon": {
      "precision": 0.75,
      "recall": 0.5,
      "f1": 0.6,
      "support": 6
    },
    "car_side": {
      "precision": 1.0,
      "recall": 1.0,
      "f1": 1.0,
      "support": 19
    },
    "ceiling_fan": {
      "precision": 0.75,
      "recall": 0.42857142857142855,
      "f1": 0.5454545454545454,
      "support": 7
    },
    "cellphone": {
      "precision": 0.8,
      "recall": 0.8888888888888888,
      "f1": 0.8421052631578947,
      "support": 9
    },
    "chair": {
      "precision": 0.4375,
      "recall": 0.7,
      "f1": 0.5384615384615384,
      "support": 10
    },
    "chandelier": {
      "precision": 0.7058823529411765,
      "recall": 0.75,
      "f1": 0.7272727272727273,
      "support": 16
    },
    "cougar_body": {
      "precision": 0.6,
      "recall": 0.42857142857142855,
      "f1": 0.5,
      "support": 7
    },
    "cougar_face": {
      "precision": 0.9,
      "recall": 0.9,
      "f1": 0.9,
      "support": 10
    },
    "crab": {
      "precision": 0.625,
      "recall": 0.9090909090909091,
      "f1": 0.7407407407407407,
      "support": 11
    },
    "crayfish": {
      "precision": 0.5,
      "recall": 0.4,
      "f1": 0.4444444444444444,
      "support": 10
    },
    "crocodile": {
      "precision": 0.6666666666666666,
      "recall": 0.5,
      "f1": 0.5714285714285714,
      "support": 8
    },
    "crocodile_head": {
      "precision": 0.6,
      "recall": 0.8571428571428571,
      "f1": 0.7058823529411765,
      "support": 7
    },
    "cup": {
      "precision": 0.8,
      "recall": 1.0,
      "f1": 0.8888888888888888,
      "support": 8
    },
    "dalmatian": {
      "precision": 1.0,
      "recall": 1.0,
      "f1": 1.0,
      "support": 10
    },
    "dollar_bill": {
      "precision": 0.8888888888888888,
      "recall": 1.0,
      "f1": 0.9411764705882353,
      "support": 8
    },
    "dolphin": {
      "precision": 1.0,
      "recall": 0.9,
      "f1": 0.9473684210526315,
      "support": 10
    },
    "dragonfly": {
      "precision": 0.5,
      "recall": 0.5,
      "f1": 0.5,
      "support": 10
    },
    "electric_guitar": {
      "precision": 0.47058823529411764,
      "recall": 0.7272727272727273,
      "f1": 0.5714285714285714,
      "support": 11
    },
    "elephant": {
      "precision": 0.8,
      "recall": 0.8,