{
  "model": "resnet18",
  "image_size": 64,
  "augment": false,
  "optimizer": "adamw",
  "test_accuracy": 0.6620583717357911,
  "top5_accuracy": 0.836405529953917,
  "precision_macro": 0.5639759135295531,
  "precision_weighted": 0.6635029148557151,
  "recall_macro": 0.5200141819118461,
  "recall_weighted": 0.6620583717357911,
  "f1_macro": 0.5267821882948536,
  "f1_weighted": 0.6526479680714355,
  "per_class_accuracy": {
    "Faces": 0.9545454545454546,
    "Faces_easy": 0.9393939393939394,
    "Leopards": 0.8333333333333334,
    "Motorbikes": 0.9583333333333334,
    "accordion": 0.75,
    "airplanes": 0.9416666666666667,
    "anchor": 0.3333333333333333,
    "ant": 0.16666666666666666,
    "barrel": 0.42857142857142855,
    "bass": 0.25,
    "beaver": 0.14285714285714285,
    "binocular": 0.8,
    "bonsai": 0.6842105263157895,
    "brain": 0.8,
    "brontosaurus": 0.16666666666666666,
    "buddha": 0.46153846153846156,
    "butterfly": 0.6428571428571429,
    "camera": 0.5714285714285714,
    "cannon": 0.3333333333333333,
    "car_side": 1.0,
    "ceiling_fan": 0.14285714285714285,
    "cellphone": 0.6666666666666666,
    "chair": 0.3,
    "chandelier": 0.5625,
    "cougar_body": 0.14285714285714285,
    "cougar_face": 0.6,
    "crab": 0.09090909090909091,
    "crayfish": 0.1,
    "crocodile": 0.25,
    "crocodile_head": 0.42857142857142855,
    "cup": 0.25,
    "dalmatian": 0.6,
    "dollar_bill": 0.75,
    "dolphin": 0.3,
    "dragonfly": 0.3,
    "electric_guitar": 0.45454545454545453,
    "elephant": 0.3,
    "emu": 0.125,
    "euphonium": 0.4444444444444444,
    "ewer": 0.7692307692307693,
    "ferry": 0.4,
    "flamingo": 0.5,
    "flamingo_head": 0.42857142857142855,
    "garfield": 0.8,
    "gerenuk": 0.2,
    "gramophone": 0.25,
    "grand_piano": 0.7333333333333333,
    "hawksbill": 0.4666666666666667,
    "headphone": 0.5714285714285714,
    "hedgehog": 0.375,
    "helicopter": 0.38461538461538464,
    "ibis": 0.5,
    "inline_skate": 0.6,
    "joshua_tree": 0.6666666666666666,
    "kangaroo": 0.23076923076923078,
    "ketch": 0.7058823529411765,
    "lamp": 0.3333333333333333,
    "laptop": 0.9166666666666666,
    "llama": 0.18181818181818182,
    "lobster": 0.16666666666666666,
    "lotus": 0.1,
    "mandolin": 0.3333333333333333,
    "mayfly": 0.16666666666666666,
    "menorah": 0.7692307692307693,
    "metronome": 0.4,
    "minaret": 0.9090909090909091,
    "nautilus": 0.7777777777777778,
    "octopus": 0.6,
    "okapi": 0.3333333333333333,
    "pagoda": 1.0,
    "panda": 0.5,
    "pigeon": 0.5,
    "pizza": 0.875,
    "platypus": 0.0,
    "pyramid": 0.75,
    "revolver": 0.6153846153846154,
    "rhino": 0.7777777777777778,
    "rooster": 0.25,
    "saxophone": 0.5,
    "schooner": 0.3333333333333333,
    "scissors": 0.6666666666666666,
    "scorpion": 0.6153846153846154,
    "sea_horse": 0.25,
    "snoopy": 0.6,
    "soccer_ball": 0.5555555555555556,
    "stapler": 0.7142857142857143,
    "starfish": 0.5384615384615384,
    "stegosaurus": 0.3333333333333333,
    "stop_sign": 1.0,
    "strawberry": 0.6,
    "sunflower": 0.9230769230769231,
    "tick": 0.7142857142857143,
    "trilobite": 1.0,
    "umbrella": 0.7272727272727273,
    "watch": 0.8333333333333334,
    "water_lilly": 0.5,
    "wheelchair": 0.2222222222222222,
    "wild_cat": 0.2,
    "windsor_chair": 0.6666666666666666,
    "wrench": 0.3333333333333333,
    "yin_yang": 0.8888888888888888
  },
  "per_class": {
    "Faces": {
      "precision": 0.8873239436619719,
      "recall": 0.9545454545454546,
      "f1": 0.9197080291970803,
      "support": 66
    },
    "Faces_easy": {
      "precision": 0.96875,
      "recall": 0.9393939393939394,
      "f1": 0.9538461538461539,
      "support": 66
    },
    "Leopards": {
      "precision": 0.8620689655172413,
      "recall": 0.8333333333333334,
      "f1": 0.847457627118644,
      "support": 30
    },
    "Motorbikes": {
      "precision": 0.92,
      "recall": 0.9583333333333334,
      "f1": 0.9387755102040817,
      "support": 120
    },
    "accordion": {
      "precision": 0.75,
      "recall": 0.75,
      "f1": 0.75,
      "support": 8
    },
    "airplanes": {
      "precision": 0.8432835820895522,
      "recall": 0.9416666666666667,
      "f1": 0.889763779527559,
      "support": 120
    },
    "anchor": {
      "precision": 0.2222222222222222,
      "recall": 0.3333333333333333,
      "f1": 0.26666666666666666,
      "support": 6
    },
    "ant": {
      "precision": 0.16666666666666666,
      "recall": 0.16666666666666666,
      "f1": 0.16666666666666666,
      "support": 6
    },
    "barrel": {
      "precision": 1.0,
      "recall": 0.42857142857142855,
      "f1": 0.6,
      "support": 7
    },
    "bass": {
      "precision": 0.4,
      "recall": 0.25,
      "f1": 0.3076923076923077,
      "support": 8
    },
    "beaver": {
      "precision": 0.3333333333333333,
      "recall": 0.14285714285714285,
      "f1": 0.2,
      "support": 7
    },
    "binocular": {
      "precision": 0.8,
      "recall": 0.8,
      "f1": 0.8,
      "support": 5
    },
    "bonsai": {
      "precision": 0.5652173913043478,
      "recall": 0.6842105263157895,
      "f1": 0.6190476190476191,
      "support": 19
    },
    "brain": {
      "precision": 0.8571428571428571,
      "recall": 0.8,
      "f1": 0.8275862068965517,
      "support": 15
    },
    "brontosaurus": {
      "precision": 0.3333333333333333,
      "recall": 0.16666666666666666,
      "f1": 0.2222222222222222,
      "support": 6
    },
    "buddha": {
      "precision": 0.5454545454545454,
      "recall": 0.46153846153846156,
      "f1": 0.5,
      "support": 13
    },
    "butterfly": {
      "precision": 0.4090909090909091,
      "recall": 0.6428571428571429,
      "f1": 0.5,
      "support": 14
    },
    "camera": {
      "precision": 0.5714285714285714,
      "recall": 0.5714285714285714,
      "f1": 0.5714285714285714,
      "support": 7
    },
    "cannon": {
      "precision": 0.5,
      "recall": 0.3333333333333333,
      "f1": 0.4,
      "support": 6
    },
    "car_side": {
      "precision": 0.8636363636363636,
      "recall": 1.0,
      "f1": 0.926829268292683,
      "support": 19
    },
    "ceiling_fan": {
      "precision": 0.5,
      "recall": 0.14285714285714285,
      "f1": 0.2222222222222222,
      "support": 7
    },
    "cellphone": {
      "precision": 0.6666666666666666,
      "recall": 0.6666666666666666,
      "f1": 0.6666666666666666,
      "support": 9
    },
    "chair": {
      "precision": 0.375,
      "recall": 0.3,
      "f1": 0.3333333333333333,
      "support": 10
    },
    "chandelier": {
      "precision": 0.45,
      "recall": 0.5625,
      "f1": 0.5,
      "support": 16
    },
    "cougar_body": {
      "precision": 0.16666666666666666,
      "recall": 0.14285714285714285,
      "f1": 0.15384615384615385,
      "support": 7
    },
    "cougar_face": {
      "precision": 0.6666666666666666,
      "recall": 0.6,
      "f1": 0.631578947368421,
      "support": 10
    },
    "crab": {
      "precision": 0.25,
      "recall": 0.09090909090909091,
      "f1": 0.13333333333333333,
      "support": 11
    },
    "crayfish": {
      "precision": 0.14285714285714285,
      "recall": 0.1,
      "f1": 0.11764705882352941,
      "support": 10
    },
    "crocodile": {
      "precision": 0.2222222222222222,
      "recall": 0.25,
      "f1": 0.23529411764705882,
      "support": 8
    },
    "crocodile_head": {
      "precision": 0.23076923076923078,
      "recall": 0.42857142857142855,
      "f1": 0.3,
      "support": 7
    },
    "cup": {
      "precision": 0.6666666666666666,
      "recall": 0.25,
      "f1": 0.36363636363636365,
      "support": 8
    },
    "dalmatian": {
      "precision": 0.8571428571428571,
      "recall": 0.6,
      "f1": 0.7058823529411765,
      "support": 10
    },
    "dollar_bill": {
      "precision": 0.6666666666666666,
      "recall": 0.75,
      "f1": 0.7058823529411765,
      "support": 8
    },