{
  "train_loss": [
    2.0052879841072877,
    0.6005597046792517,
    0.3707680942448678,
    0.26749677215585516,
    0.2131259730909245,
    0.1783825547391297,
    0.14710434136193606,
    0.12557348647861372,
    0.10699449338002945,
    0.09985012482565277,
    0.08631430127594002,
    0.08151292120254199,
    0.07394496642854252,
    0.06730191434860701,
    0.06111374556608516,
    0.06194713937967314,
    0.05835757771880784,
    0.054055850176889346,
    0.05207656182455463,
    0.04942936321670487,
    0.04997061573492819,
    0.046124200575408246,
    0.04622423659446368,
    0.04816617843094295,
    0.04628403837536933
  ],
  "train_acc": [
    0.60744277951589,
    0.8962621439156924,
    0.9316647455952577,
    0.9525769800757451,
    0.9593281738844064,
    0.9644327350568088,
    0.9744771941379878,
    0.9787584389922608,
    0.9835336736374115,
    0.9864976123826774,
    0.9876502552280586,
    0.9878149184916845,
    0.9897908776551951,
    0.9920961633459575,
    0.9939074592458422,
    0.9907788572369505,
    0.9919315000823317,
    0.9920961633459575,
    0.9945661123003458,
    0.9934134694549646,
    0.9952247653548494,
    0.9963774082002306,
    0.9955540918821011,
    0.9947307755639717,
    0.9957187551457269
  ],
  "val_loss": [
    0.8552711576726946,
    0.5234255968334122,
    0.41254709608360735,
    0.38326578805889766,
    0.36647203294546005,
    0.3290437892102243,
    0.31509391068496645,
    0.31724967888789607,
    0.30032225921406724,
    0.3075698154496341,
    0.3042874729257941,
    0.2872420366046615,
    0.29014066706329994,
    0.2855273975479987,
    0.2865021312108604,
    0.2789507297922023,
    0.27235077504646577,
    0.27121922877343935,
    0.2717183497827357,
    0.272071714591687,
    0.26975130888357324,
    0.2679704380795337,
    0.27264932725012025,
    0.27769529448676217,
    0.273064983719688
  ],
  "val_acc": [
    0.8279569892473119,
    0.8894009216589862,
    0.9086021505376344,
    0.9086021505376344,
    0.9086021505376344,
    0.9162826420890937,
    0.9170506912442397,
    0.9139784946236559,
    0.9147465437788018,
    0.9162826420890937,
    0.9147465437788018,
    0.9193548387096774,
    0.9201228878648233,
    0.9201228878648233,
    0.923963133640553,
    0.9193548387096774,
    0.9247311827956989,
    0.9208909370199693,
    0.9216589861751152,
    0.9278033794162827,
    0.9254992319508448,
    0.9262672811059908,
    0.9231950844854071,
    0.9247311827956989,
    0.9270353302611367
  ]
}