{
  "model": "resnet18",
  "image_size": 128,
  "augment": true,
  "optimizer": "sgd",
  "test_accuracy": 0.8333333333333334,
  "top5_accuracy": 0.9615975422427036,
  "precision_macro": 0.8165167651162092,
  "precision_weighted": 0.8446420534029576,
  "recall_macro": 0.7692465655149191,
  "recall_weighted": 0.8333333333333334,
  "f1_macro": 0.7794213117240987,
  "f1_weighted": 0.831016541041112,
  "per_class_accuracy": {
    "Faces": 1.0,
    "Faces_easy": 0.8636363636363636,
    "Leopards": 0.9666666666666667,
    "Motorbikes": 1.0,
    "accordion": 1.0,
    "airplanes": 0.875,
    "anchor": 0.5,
    "ant": 0.6666666666666666,
    "barrel": 0.7142857142857143,
    "bass": 0.5,
    "beaver": 0.42857142857142855,
    "binocular": 0.8,
    "bonsai": 0.8947368421052632,
    "brain": 0.8,
    "brontosaurus": 0.5,
    "buddha": 0.9230769230769231,
    "butterfly": 0.7857142857142857,
    "camera": 0.5714285714285714,
    "cannon": 0.5,
    "car_side": 1.0,
    "ceiling_fan": 0.42857142857142855,
    "cellphone": 1.0,
    "chair": 0.6,
    "chandelier": 0.8125,
    "cougar_body": 0.5714285714285714,
    "cougar_face": 0.9,
    "crab": 0.6363636363636364,
    "crayfish": 0.3,
    "crocodile": 0.625,
    "crocodile_head": 0.8571428571428571,
    "cup": 0.875,
    "dalmatian": 1.0,
    "dollar_bill": 0.75,
    "dolphin": 0.9,
    "dragonfly": 0.4,
    "electric_guitar": 0.6363636363636364,
    "elephant": 0.8,
    "emu": 0.75,
    "euphonium": 0.7777777777777778,
    "ewer": 1.0,
    "ferry": 1.0,
    "flamingo": 1.0,
    "flamingo_head": 0.7142857142857143,
    "garfield": 0.8,
    "gerenuk": 0.8,
    "gramophone": 0.625,
    "grand_piano": 0.9333333333333333,
    "hawksbill": 0.8666666666666667,
    "headphone": 0.7142857142857143,
    "hedgehog": 0.875,
    "helicopter": 0.46153846153846156,
    "ibis": 0.75,
    "inline_skate": 0.8,
    "joshua_tree": 0.8888888888888888,
    "kangaroo": 0.9230769230769231,
    "ketch": 0.8235294117647058,
    "lamp": 0.8888888888888888,
    "laptop": 0.9166666666666666,
    "llama": 0.7272727272727273,
    "lobster": 0.3333333333333333,
    "lotus": 0.4,
    "mandolin": 0.6666666666666666,
    "mayfly": 0.6666666666666666,
    "menorah": 0.9230769230769231,
    "metronome": 0.8,
    "minaret": 0.9090909090909091,
    "nautilus": 0.7777777777777778,
    "octopus": 0.6,
    "okapi": 0.6666666666666666,
    "pagoda": 0.8571428571428571,
    "panda": 1.0,
    "pigeon": 0.8333333333333334,
    "pizza": 1.0,
    "platypus": 0.6,
    "pyramid": 0.625,
    "revolver": 0.6923076923076923,
    "rhino": 0.8888888888888888,
    "rooster": 0.75,
    "saxophone": 0.6666666666666666,
    "schooner": 0.4444444444444444,
    "scissors": 0.8333333333333334,
    "scorpion": 0.8461538461538461,
    "sea_horse": 0.5,
    "snoopy": 0.8,
    "soccer_ball": 0.8888888888888888,
    "stapler": 1.0,
    "starfish": 0.7692307692307693,
    "stegosaurus": 0.6666666666666666,
    "stop_sign": 1.0,
    "strawberry": 1.0,
    "sunflower": 1.0,
    "tick": 1.0,
    "trilobite": 1.0,
    "umbrella": 0.9090909090909091,
    "watch": 0.9722222222222222,
    "water_lilly": 0.5,
    "wheelchair": 0.6666666666666666,
    "wild_cat": 0.6,
    "windsor_chair": 0.8888888888888888,
    "wrench": 0.3333333333333333,
    "yin_yang": 1.0
  },
  "per_class": {
    "Faces": {
      "precision": 0.88,
      "recall": 1.0,
      "f1": 0.9361702127659575,
      "support": 66
    },
    "Faces_easy": {
      "precision": 0.9827586206896551,
      "recall": 0.8636363636363636,
      "f1": 0.9193548387096774,
      "support": 66
    },
    "Leopards": {
      "precision": 0.8055555555555556,
      "recall": 0.9666666666666667,
      "f1": 0.8787878787878788,
      "support": 30
    },
    "Motorbikes": {
      "precision": 0.9448818897637795,
      "recall": 1.0,
      "f1": 0.97165991902834,
      "support": 120
    },
    "accordion": {
      "precision": 1.0,
      "recall": 1.0,
      "f1": 1.0,
      "support": 8
    },
    "airplanes": {
      "precision": 0.8974358974358975,
      "recall": 0.875,
      "f1": 0.8860759493670886,
      "support": 120
    },
    "anchor": {
      "precision": 0.42857142857142855,
      "recall": 0.5,
      "f1": 0.46153846153846156,
      "support": 6
    },
    "ant": {
      "precision": 0.8,
      "recall": 0.6666666666666666,
      "f1": 0.7272727272727273,
      "support": 6
    },
    "barrel": {
      "precision": 0.8333333333333334,
      "recall": 0.7142857142857143,
      "f1": 0.7692307692307693,
      "support": 7
    },
    "bass": {
      "precision": 0.6666666666666666,
      "recall": 0.5,
      "f1": 0.5714285714285714,
      "support": 8
    },
    "beaver": {
      "precision": 1.0,
      "recall": 0.42857142857142855,
      "f1": 0.6,
      "support": 7
    },
    "binocular": {
      "precision": 0.5714285714285714,
      "recall": 0.8,
      "f1": 0.6666666666666666,
      "support": 5
    },
    "bonsai": {
      "precision": 0.85,
      "recall": 0.8947368421052632,
      "f1": 0.8717948717948718,
      "support": 19
    },
    "brain": {
      "precision": 0.8571428571428571,
      "recall": 0.8,
      "f1": 0.8275862068965517,
      "support": 15
    },
    "brontosaurus": {
      "precision": 0.6,
      "recall": 0.5,
      "f1": 0.5454545454545454,
      "support": 6
    },
    "buddha": {
      "precision": 0.9230769230769231,
      "recall": 0.9230769230769231,
      "f1": 0.9230769230769231,
      "support": 13
    },
    "butterfly": {
      "precision": 0.7333333333333333,
      "recall": 0.7857142857142857,
      "f1": 0.7586206896551724,
      "support": 14
    },
    "camera": {
      "precision": 1.0,
      "recall": 0.5714285714285714,
      "f1": 0.7272727272727273,
      "support": 7
    },
    "cannon": {
      "precision": 1.0,
      "recall": 0.5,
      "f1": 0.6666666666666666,
      "support": 6
    },
    "car_side": {
      "precision": 0.95,
      "recall": 1.0,
      "f1": 0.9743589743589743,
      "support": 19
    },
    "ceiling_fan": {
      "precision": 0.5,
      "recall": 0.42857142857142855,
      "f1": 0.46153846153846156,
      "support": 7
    },
    "cellphone": {
      "precision": 0.6923076923076923,
      "recall": 1.0,
      "f1": 0.8181818181818182,
      "support": 9
    },
    "chair": {
      "precision": 0.6666666666666666,
      "recall": 0.6,
      "f1": 0.631578947368421,
      "support": 10
    },
    "chandelier": {
      "precision": 0.5652173913043478,
      "recall": 0.8125,
      "f1": 0.6666666666666666,
      "support": 16
    },
    "cougar_body": {
      "precision": 1.0,
      "recall": 0.5714285714285714,
      "f1": 0.7272727272727273,
      "support": 7
    },
    "cougar_face": {
      "precision": 1.0,
      "recall": 0.9,
      "f1": 0.9473684210526315,
      "support": 10
    },
    "crab": {
      "precision": 0.5384615384615384,
      "recall": 0.6363636363636364,
      "f1": 0.5833333333333334,
      "support": 11
    },
    "crayfish": {
      "precision": 0.42857142857142855,
      "recall": 0.3,
      "f1": 0.35294117647058826,
      "support": 10
    },
    "crocodile": {
      "precision": 0.5,
      "recall": 0.625,
      "f1": 0.5555555555555556,
      "support": 8
    },
    "crocodile_head": {
      "precision": 0.5454545454545454,
      "recall": 0.8571428571428571,
      "f1": 0.6666666666666666,
      "support": 7
    },
    "cup": {
      "precision": 0.875,
      "recall": 0.875,
      "f1": 0.875,
      "support": 8
    },
    "dalmatian": {
      "precision": 1.0,
      "recall": 1.0,
      "f1": 1.0,
      "support": 10
    },
    "dollar_bill": {
      "precision": 0.6666666666666666,
      "recall": 0.75,
      "f1": 0.7058823529411765,
      "support": 8
    },
    "dolphin": {
      "precision": 1.0,
      "recall": 0.9,
      "f1": 0.9473684210526315,
      "support": 10
    },
    "dragonfly": {
      "precision": 0.5,
      "recall": 0.4,
      "f1": 0.4444444444444444,
      "support": 10
    },