{
  "train_loss": [
    2.0427165661987505
  ],
  "train_acc": [
    0.584554585871892
  ],
  "val_acc": [
    0.7980030721966206
  ]
}