{
  "model": "resnet18",
  "image_size": 224,
  "augment": true,
  "optimizer": "adamw",
  "test_accuracy": 0.9231950844854071,
  "top5_accuracy": 0.9861751152073732,
  "precision_macro": 0.9020676805256692,
  "precision_weighted": 0.9273376443825337,
  "recall_macro": 0.8851830757277067,
  "recall_weighted": 0.9231950844854071,
  "f1_macro": 0.8872552533299444,
  "f1_weighted": 0.9212041584575844,
  "per_class_accuracy": {
    "Faces": 1.0,
    "Faces_easy": 0.8939393939393939,
    "Leopards": 1.0,
    "Motorbikes": 1.0,
    "accordion": 1.0,
    "airplanes": 0.9916666666666667,
    "anchor": 0.6666666666666666,
    "ant": 0.8333333333333334,
    "barrel": 1.0,
    "bass": 0.625,
    "beaver": 0.42857142857142855,
    "binocular": 1.0,
    "bonsai": 0.9473684210526315,
    "brain": 0.8666666666666667,
    "brontosaurus": 0.6666666666666666,
    "buddha": 0.9230769230769231,
    "butterfly": 0.8571428571428571,
    "camera": 0.42857142857142855,
    "cannon": 0.6666666666666666,
    "car_side": 1.0,
    "ceiling_fan": 0.5714285714285714,
    "cellphone": 1.0,
    "chair": 0.9,
    "chandelier": 0.9375,
    "cougar_body": 0.7142857142857143,
    "cougar_face": 0.9,
    "crab": 0.9090909090909091,
    "crayfish": 0.6,
    "crocodile": 0.625,
    "crocodile_head": 0.8571428571428571,
    "cup": 1.0,
    "dalmatian": 1.0,
    "dollar_bill": 0.875,
    "dolphin": 0.9,
    "dragonfly": 0.8,
    "electric_guitar": 0.7272727272727273,
    "elephant": 0.8,
    "emu": 1.0,
    "euphonium": 1.0,
    "ewer": 1.0,
    "ferry": 1.0,
    "flamingo": 1.0,
    "flamingo_head": 1.0,
    "garfield": 1.0,
    "gerenuk": 0.8,
    "gramophone": 1.0,
    "grand_piano": 1.0,
    "hawksbill": 1.0,
    "headphone": 0.7142857142857143,
    "hedgehog": 1.0,
    "helicopter": 1.0,
    "ibis": 1.0,
    "inline_skate": 1.0,
    "joshua_tree": 1.0,
    "kangaroo": 1.0,
    "ketch": 0.8823529411764706,
    "lamp": 0.7777777777777778,
    "laptop": 0.9166666666666666,
    "llama": 0.9090909090909091,
    "lobster": 0.6666666666666666,
    "lotus": 0.6,
    "mandolin": 0.5,
    "mayfly": 1.0,
    "menorah": 1.0,
    "metronome": 1.0,
    "minaret": 1.0,
    "nautilus": 1.0,
    "octopus": 0.8,
    "okapi": 0.6666666666666666,
    "pagoda": 1.0,
    "panda": 1.0,
    "pigeon": 1.0,
    "pizza": 1.0,
    "platypus": 1.0,
    "pyramid": 1.0,
    "revolver": 0.9230769230769231,
    "rhino": 1.0,
    "rooster": 0.875,
    "saxophone": 1.0,
    "schooner": 0.6666666666666666,
    "scissors": 1.0,
    "scorpion": 1.0,
    "sea_horse": 0.875,
    "snoopy": 0.8,
    "soccer_ball": 0.8888888888888888,
    "stapler": 1.0,
    "starfish": 1.0,
    "stegosaurus": 0.7777777777777778,
    "stop_sign": 1.0,
    "strawberry": 1.0,
    "sunflower": 1.0,
    "tick": 1.0,
    "trilobite": 1.0,
    "umbrella": 0.8181818181818182,
    "watch": 1.0,
    "water_lilly": 0.5,
    "wheelchair": 0.7777777777777778,
    "wild_cat": 0.8,
    "windsor_chair": 0.8888888888888888,
    "wrench": 0.6666666666666666,
    "yin_yang": 1.0
  },
  "per_class": {
    "Faces": {
      "precision": 0.88,
      "recall": 1.0,
      "f1": 0.9361702127659575,
      "support": 66
    },
    "Faces_easy": {
      "precision": 1.0,
      "recall": 0.8939393939393939,
      "f1": 0.944,
      "support": 66
    },
    "Leopards": {
      "precision": 0.967741935483871,
      "recall": 1.0,
      "f1": 0.9836065573770492,
      "support": 30
    },
    "Motorbikes": {
      "precision": 0.9917355371900827,
      "recall": 1.0,
      "f1": 0.995850622406639,
      "support": 120
    },
    "accordion": {
      "precision": 1.0,
      "recall": 1.0,
      "f1": 1.0,
      "support": 8
    },
    "airplanes": {
      "precision": 0.9916666666666667,
      "recall": 0.9916666666666667,
      "f1": 0.9916666666666667,
      "support": 120
    },
    "anchor": {
      "precision": 0.5714285714285714,
      "recall": 0.6666666666666666,
      "f1": 0.6153846153846154,
      "support": 6
    },
    "ant": {
      "precision": 0.8333333333333334,
      "recall": 0.8333333333333334,
      "f1": 0.8333333333333334,
      "support": 6
    },
    "barrel": {
      "precision": 1.0,
      "recall": 1.0,
      "f1": 1.0,
      "support": 7
    },
    "bass": {
      "precision": 0.8333333333333334,
      "recall": 0.625,
      "f1": 0.7142857142857143,
      "support": 8
    },
    "beaver": {
      "precision": 1.0,
      "recall": 0.42857142857142855,
      "f1": 0.6,
      "support": 7
    },
    "binocular": {
      "precision": 0.7142857142857143,
      "recall": 1.0,
      "f1": 0.8333333333333334,
      "support": 5
    },
    "bonsai": {
      "precision": 1.0,
      "recall": 0.9473684210526315,
      "f1": 0.972972972972973,
      "support": 19
    },
    "brain": {
      "precision": 0.8666666666666667,
      "recall": 0.8666666666666667,
      "f1": 0.8666666666666667,
      "support": 15
    },
    "brontosaurus": {
      "precision": 0.8,
      "recall": 0.6666666666666666,
      "f1": 0.7272727272727273,
      "support": 6
    },
    "buddha": {
      "precision": 1.0,
      "recall": 0.9230769230769231,
      "f1": 0.96,
      "support": 13
    },
    "butterfly": {
      "precision": 1.0,
      "recall": 0.8571428571428571,
      "f1": 0.9230769230769231,
      "support": 14
    },
    "camera": {
      "precision": 0.75,
      "recall": 0.42857142857142855,
      "f1": 0.5454545454545454,
      "support": 7
    },
    "cannon": {
      "precision": 1.0,
      "recall": 0.6666666666666666,
      "f1": 0.8,
      "support": 6
    },
    "car_side": {
      "precision": 1.0,
      "recall": 1.0,
      "f1": 1.0,
      "support": 19
    },
    "ceiling_fan": {
      "precision": 1.0,
      "recall": 0.5714285714285714,
      "f1": 0.7272727272727273,
      "support": 7
    },
    "cellphone": {
      "precision": 0.9,
      "recall": 1.0,
      "f1": 0.9473684210526315,
      "support": 9
    },
    "chair": {
      "precision": 0.75,
      "recall": 0.9,
      "f1": 0.8181818181818182,
      "support": 10
    },
    "chandelier": {
      "precision": 0.7894736842105263,
      "recall": 0.9375,
      "f1": 0.8571428571428571,
      "support": 16
    },
    "cougar_body": {
      "precision": 0.8333333333333334,
      "recall": 0.7142857142857143,
      "f1": 0.7692307692307693,
      "support": 7
    },
    "cougar_face": {
      "precision": 0.9,
      "recall": 0.9,
      "f1": 0.9,
      "support": 10
    },
    "crab": {
      "precision": 0.9090909090909091,
      "recall": 0.9090909090909091,
      "f1": 0.9090909090909091,
      "support": 11
    },
    "crayfish": {
      "precision": 0.8571428571428571,
      "recall": 0.6,
      "f1": 0.7058823529411765,
      "support": 10
    },
    "crocodile": {
      "precision": 0.8333333333333334,
      "recall": 0.625,
      "f1": 0.7142857142857143,
      "support": 8
    },
    "crocodile_head": {
      "precision": 0.6666666666666666,
      "recall": 0.8571428571428571,
      "f1": 0.75,
      "support": 7
    },
    "cup": {
      "precision": 1.0,
      "recall": 1.0,
      "f1": 1.0,
      "support": 8
    },
    "dalmatian": {
      "precision": 1.0,
      "recall": 1.0,
      "f1": 1.0,
      "support": 10
    },
    "dollar_bill": {
      "precision": 1.0,
      "recall": 0.875,
      "f1": 0.9333333333333333,
      "support": 8
    },
    "dolphin": {
      "precision": 0.9,
      "recall": 0.9,
      "f1": 0.9,
      "support": 10
    },
    "dragonfly": {
      "precision": 0.8888888888888888,
      "recall": 0.8,
      "f1": 0.8421052631578947,
      "support": 10
    },
    "electric_guitar": {
      "precision": 0.5714285714285714,
      "recall": 0.7272727272727273,
      "f1": 0.64,
      "support": 11
    },
    "elephant": {
      "precision": 0.8888888888888888,
      "recall": 0.8,
      "f1": 0.8421052631578947,
      "support": 10
    },
    "emu": {
      "precision": 1.0,
      "recall": 1.0,
      "f1": 1.0,
      "support": 8
    },