{
  "train_loss": [
    3.113395462628155,
    1.8052295886683107,
    1.3013651112384974,
    1.040734490069608,
    0.882773363637351,
    0.7747816314380055,
    0.7018546383541459,
    0.6370558320995062,
    0.5994941866537227,
    0.5660160620366057,
    0.5332390477369551,
    0.5149308144211985,
    0.4993128662307239,
    0.47166718112446815,
    0.4710238227170165,
    0.46220128928910326,
    0.4512194561816981,
    0.43683352955047605,
    0.43742016848025206,
    0.4336146937648567,
    0.430386009064966,
    0.42369005906018514,
    0.4201183545811259,
    0.4257887563476958,
    0.4207961155322794
  ],
  "train_acc": [
    0.37526757780339204,
    0.6601350238761732,
    0.7587683187880784,
    0.8117898896756134,
    0.842417256710028,
    0.8577309402272353,
    0.8733739502716944,
    0.886876337889017,
    0.8931335419068006,
    0.8987320928700807,
    0.9015313683517208,
    0.9066359295241232,
    0.9102585213238926,
    0.9148690927054174,
    0.915363082496295,
    0.9160217355507986,
    0.915363082496295,
    0.9219496130413305,
    0.9219496130413305,
    0.9193150008233163,
    0.9280421537954883,
    0.9272188374773588,
    0.9270541742137329,
    0.9234315824139634,
    0.9287008068499918
  ],
  "val_loss": [
    2.148129453673707,
    1.4715342951992874,
    1.1944764911121304,
    1.0321000841905446,
    0.9132115478339833,
    0.8537213539564481,
    0.8024067556436894,
    0.782667709477303,
    0.7430759777304947,
    0.7408413299217752,
    0.7177071161167596,
    0.6965453707128076,
    0.7105497152940835,
    0.6811493542703432,
    0.6802923110772937,
    0.6569152791196117,
    0.6853601653271922,
    0.6659659649003669,
    0.6608512569133038,
    0.6509050805630955,
    0.6542228790838415,
    0.6706277449742624,
    0.667114598227353,
    0.6719339127364796,
    0.6428809915819476
  ],
  "val_acc": [
    0.5714285714285714,
    0.7027649769585254,
    0.761136712749616,
    0.7910906298003072,
    0.7995391705069125,
    0.8118279569892473,
    0.8195084485407066,
    0.8179723502304147,
    0.8287250384024577,
    0.82642089093702,
    0.8310291858678955,
    0.836405529953917,
    0.8333333333333334,
    0.8387096774193549,
    0.8348694316436251,
    0.8463901689708141,
    0.8433179723502304,
    0.836405529953917,
    0.8440860215053764,
    0.8448540706605223,
    0.8448540706605223,
    0.8394777265745008,
    0.8341013824884793,
    0.8325652841781874,
    0.8387096774193549
  ]
}