{
  "train_loss": [
    3.5490167779308477,
    2.4582433998928264,
    2.0077012393181315,
    1.763611623017179,
    1.5966827568889312,
    1.4745383041607338,
    1.3749260629163667,
    1.3070991447174862,
    1.2643769655199395,
    1.2131420438497322,
    1.166440432338253,
    1.1262046774941614,
    1.111516471241248,
    1.0716753220334392,
    1.0603820745073038,
    1.0480278657371123,
    1.0163195250200396,
    0.9986922442765835,
    1.0097696715792577,
    0.9882677185580578,
    0.9880753419317996,
    0.9795270567570018,
    0.9829012447814464,
    0.9968593188492643,
    0.9749264344928804
  ],
  "train_acc": [
    0.28190350732751523,
    0.48559196443273506,
    0.5664416268730447,
    0.6127120039519184,
    0.6405400955046929,
    0.6629342993578132,
    0.6797299522476535,
    0.6932323398649761,
    0.7052527581096657,
    0.7171085130907294,
    0.7263296558537791,
    0.7409846863164828,
    0.7352214720895768,
    0.7503704923431582,
    0.7498765025522806,
    0.756463033097316,
    0.7620615840605961,
    0.7642022064877326,
    0.7674954717602502,
    0.7683187880783797,
    0.7671661452329985,
    0.7693067676601351,
    0.7691421043965091,
    0.7623909105878478,
    0.7749053186234152
  ],
  "val_loss": [
    2.7802244617092993,
    2.2493866819390504,
    2.0053068247442054,
    1.8629117389245333,
    1.7714029719020181,
    1.7018482785803566,
    1.6381632737849714,
    1.633539398694368,
    1.588379704824058,
    1.5745566385682277,
    1.5629049856358777,
    1.5401590839142807,
    1.5562532222765382,
    1.5390006649878718,
    1.5127515389988866,
    1.5179405970507502,
    1.5389164640423705,
    1.4944759193470218,
    1.5153377420525032,
    1.4859694326711324,
    1.4985558241376862,
    1.5006125874233684,
    1.50319886830179,
    1.4925096027678975,
    1.4798768736799741
  ],
  "val_acc": [
    0.41551459293394777,
    0.5192012288786483,
    0.5560675883256528,
    0.5906298003072197,
    0.6006144393241167,
    0.6144393241167435,
    0.619815668202765,
    0.6267281105990783,
    0.6344086021505376,
    0.6374807987711214,
    0.6321044546850998,
    0.6405529953917051,
    0.6405529953917051,
    0.6474654377880185,
    0.6451612903225806,
    0.6513056835637481,
    0.6367127496159755,
    0.6474654377880185,
    0.6459293394777266,
    0.6582181259600615,
    0.6405529953917051,
    0.6474654377880185,
    0.6443932411674347,
    0.6513056835637481,
    0.6543778801843319
  ]
}