{
  "train_loss": [
    2.0062284826859402,
    0.5754180660303551,
    0.34418030903688,
    0.23682323803736588,
    0.1821809155228855,
    0.14945265880658445,
    0.11997091029039937,
    0.09798963816961306,
    0.08149899767701638,
    0.07256758742546027,
    0.06420570698323054,
    0.05858649173590451,
    0.0528938508775498,
    0.04621965937818194,
    0.04461129531865455,
    0.04151747581467251,
    0.03968224915045992,
    0.037075702307714224,
    0.037336535766541654,
    0.035187808666411996,
    0.03460448911935263,
    0.03250027084365799,
    0.031938332342324176,
    0.0321237701513505,
    0.0313867384538106
  ],
  "train_acc": [
    0.6120533508974147,
    0.905318623415116,
    0.9400625720401778,
    0.9636094187386794,
    0.9726658982381031,
    0.9761238267742467,
    0.9840276634282892,
    0.9897908776551951,
    0.9924254898732093,
    0.9953894286184752,
    0.9960480816729788,
    0.9960480816729788,
    0.9965420714638564,
    0.9981887041001153,
    0.9983533673637411,
    0.9980240408364894,
    0.998518030627367,
    0.9978593775728635,
    0.998518030627367,
    0.998682693890993,
    0.9981887041001153,
    0.9993413469454965,
    0.9995060102091223,
    0.9993413469454965,
    0.9995060102091223
  ],
  "val_loss": [
    0.8299716859369234,
    0.5026379116852345,
    0.4021289844392082,
    0.372211039112094,
    0.3539388453081456,
    0.31932119386536734,
    0.3150646449874989,
    0.31753525682674943,
    0.310745992601925,
    0.3008507212735541,
    0.29764665949362945,
    0.2890696304001933,
    0.2980068059103097,
    0.2947155127785356,
    0.2940450988698482,
    0.2825630201218498,
    0.28305856235748794,
    0.2768977995841734,
    0.2776131646653291,
    0.27960411794540885,
    0.2770938171952185,
    0.2783090004585855,
    0.2805786136932637,
    0.2849079465719595,
    0.27777595476986994
  ],
  "val_acc": [
    0.8271889400921659,
    0.8855606758832565,
    0.9101382488479263,
    0.9086021505376344,
    0.9109062980030722,
    0.9178187403993856,
    0.9139784946236559,
    0.9162826420890937,
    0.9124423963133641,
    0.9132104454685099,
    0.9185867895545314,
    0.9178187403993856,
    0.9178187403993856,
    0.9162826420890937,
    0.9155145929339478,
    0.9147465437788018,
    0.9178187403993856,
    0.9201228878648233,
    0.9201228878648233,
    0.923963133640553,
    0.9178187403993856,
    0.9185867895545314,
    0.9208909370199693,
    0.9208909370199693,
    0.9216589861751152
  ]
}