{
  "train_loss": [
    2.0059635113123004,
    0.5745865402790147,
    0.3430621880806692,
    0.23546793798765908,
    0.18059859992241556,
    0.14768327466153477,
    0.11805802907456721,
    0.09599130490030151,
    0.0793900335980182,
    0.07030281626705123,
    0.06190246009974371,
    0.05624662572540994,
    0.05050129185464597,
    0.043871624737845484,
    0.042180693933024704,
    0.039064862832081056,
    0.037240548623382566,
    0.034697725075818,
    0.0348489347495054,
    0.032743949928315884,
    0.03211262087091845,
    0.03005470101035016,
    0.029550545670247914,
    0.029720256781359197,
    0.028970258409810993
  ],
  "train_acc": [
    0.6120533508974147,
    0.905318623415116,
    0.9402272353038037,
    0.964103408529557,
    0.972830561501729,
    0.9761238267742467,
    0.984192326691915,
    0.989955540918821,
    0.9925901531368352,
    0.9958834184093529,
    0.9960480816729788,
    0.9960480816729788,
    0.9967067347274823,
    0.998518030627367,
    0.9983533673637411,
    0.9980240408364894,
    0.998682693890993,
    0.9978593775728635,
    0.998518030627367,
    0.998682693890993,
    0.9983533673637411,
    0.9993413469454965,
    0.9995060102091223,
    0.9993413469454965,
    0.9996706734727482
  ],
  "val_loss": [
    0.8294487087407969,
    0.5019504158727585,
    0.4013341702806968,
    0.37135587914198775,
    0.3529295730426015,
    0.31841015769955566,
    0.31411276476174455,
    0.3164971262994816,
    0.30975877863287743,
    0.2995735874282233,
    0.2966207819096687,
    0.2879941803610636,
    0.29713417569063777,
    0.2940675775576297,
    0.2932190218462556,
    0.2821766076503628,
    0.2824069972503387,
    0.27640109682046504,
    0.2772248782640961,
    0.27921261028393807,
    0.2768394421963465,
    0.2777913890538677,
    0.2802822622377569,
    0.28449850629002266,
    0.2773464490100169
  ],
  "val_acc": [
    0.8271889400921659,
    0.8855606758832565,
    0.9101382488479263,
    0.9086021505376344,
    0.9101382488479263,
    0.9178187403993856,
    0.9147465437788018,
    0.9162826420890937,
    0.9124423963133641,
    0.9139784946236559,
    0.9185867895545314,
    0.9178187403993856,
    0.9170506912442397,
    0.9170506912442397,
    0.9162826420890937,
    0.9155145929339478,
    0.9170506912442397,
    0.9208909370199693,
    0.9185867895545314,
    0.923963133640553,
    0.9170506912442397,
    0.9178187403993856,
    0.9208909370199693,
    0.9201228878648233,
    0.9208909370199693
  ]
}