{
  "train_loss": [
    3.549222975454043,
    2.4863203033552166,
    2.0407731164999463,
    1.8120050255988862,
    1.6541072165339856,
    1.5329918277807375,
    1.4448744625702106,
    1.3801962601261086,
    1.3309657912699528,
    1.2812677040222584,
    1.2566769064778103,
    1.2148673674939747,
    1.186171209205616,
    1.1777749611796293,
    1.162839790280168,
    1.1375184418360915,
    1.1261099734377786,
    1.1104447202903915,
    1.1182762325330207,
    1.1019154547585033,
    1.1037778122095698,
    1.08892858411185,
    1.0956920934787362,
    1.1004570617366423,
    1.0815822851239763
  ],
  "train_acc": [
    0.28058620121850814,
    0.4819693726329656,
    0.5603490861188869,
    0.6018442285526099,
    0.6217684834513421,
    0.6418574016137,
    0.6673802074757121,
    0.6703441462209782,
    0.6803886053021571,
    0.6938909929194796,
    0.6960316153466162,
    0.7087106866458093,
    0.7108513090729458,
    0.7169438498271036,
    0.719249135517866,
    0.7256710027992754,
    0.7287996048081673,
    0.730610900708052,
    0.7274822986991603,
    0.7347274822986991,
    0.7299522476535485,
    0.7357154618804544,
    0.730610900708052,
    0.7324221966079367,
    0.739338053680224
  ],
  "val_loss": [
    3.0180559235234417,
    2.4715201733848464,
    2.2783734065962644,
    2.103925987322759,
    2.01752737187387,
    1.9409290916542488,
    1.9101224150708926,
    1.8653744693542222,
    1.8238372337616717,
    1.8424985395964755,
    1.7946937514523391,
    1.7745044385233233,
    1.8124126556648454,
    1.7577378092456706,
    1.7590981124916019,
    1.7545649792924638,
    1.7623857851218885,
    1.7306072329229656,
    1.7481360565499044,
    1.7389310667957945,
    1.7346604445379816,
    1.717385048324245,
    1.7325160012633387,
    1.7202611788077289,
    1.6991027366547358
  ],
  "val_acc": [
    0.38018433179723504,
    0.46927803379416283,
    0.4877112135176651,
    0.5299539170506913,
    0.5368663594470046,
    0.5529953917050692,
    0.5522273425499232,
    0.5622119815668203,
    0.5668202764976958,
    0.5683563748079877,
    0.5729646697388633,
    0.5775729646697388,
    0.5852534562211982,
    0.5867895545314901,
    0.5829493087557603,
    0.5890937019969278,
    0.5867895545314901,
    0.5883256528417818,
    0.5791090629800307,
    0.5844854070660522,
    0.5860215053763441,
    0.5875576036866359,
    0.5852534562211982,
    0.5898617511520737,
    0.5937019969278033
  ]
}