{
  "train_loss": [
    1.9654438623619614,
    0.6851071561656791,
    0.47852016642883544,
    0.3683625800142802,
    0.30734575887144877,
    0.2623351606155922,
    0.2349453434635186,
    0.2011556507393573,
    0.1870047350839043,
    0.1748592080013198,
    0.16099714429025572,
    0.1501199300223788,
    0.13721745882153255,
    0.12090443070041236,
    0.12332619997298092,
    0.11799761492230836,
    0.11425419082712071,
    0.10438395621217929,
    0.1091162311359467,
    0.10685489568525025,
    0.10217216631764736,
    0.09557949022076952,
    0.09552100479907069,
    0.09566027490140264,
    0.09235460447721341
  ],
  "train_acc": [
    0.6020088918162358,
    0.8516383994730775,
    0.8944508480158077,
    0.9184916845051869,
    0.9310060925407542,
    0.9402272353038037,
    0.9454964597398321,
    0.9537296229211263,
    0.9575168779845217,
    0.9586695208299029,
    0.9637740820023053,
    0.9680553268565782,
    0.9690433064383336,
    0.9771118063560019,
    0.974147867610736,
    0.9754651737197432,
    0.9753005104561172,
    0.9789231022558867,
    0.9754651737197432,
    0.9785937757286349,
    0.9797464185740161,
    0.9805697348921456,
    0.9830396838465338,
    0.9825456940556562,
    0.9836983369010374
  ],
  "val_loss": [
    1.0568870152196577,
    0.7999406025706348,
    0.716823863543673,
    0.7059864687480135,
    0.6509481897368775,
    0.6530220113957899,
    0.6342673509534786,
    0.6336088716159768,
    0.6364064382334825,
    0.656567019800986,
    0.6426087931004537,
    0.615803575003019,
    0.6370719048650949,
    0.6322831928089101,
    0.6214631013972785,
    0.616787697679253,
    0.6336731399808612,
    0.6145384449013916,
    0.6179713204892183,
    0.6233290393597886,
    0.6147988705041771,
    0.6043111534528834,
    0.6072206726088868,
    0.6156071105860346,
    0.6018396176500804
  ],
  "val_acc": [
    0.7626728110599078,
    0.794162826420891,
    0.8195084485407066,
    0.8087557603686636,
    0.8325652841781874,
    0.8210445468509985,
    0.8341013824884793,
    0.8387096774193549,
    0.8271889400921659,
    0.8287250384024577,
    0.8271889400921659,
    0.836405529953917,
    0.8379416282642089,
    0.8456221198156681,
    0.8387096774193549,
    0.8448540706605223,
    0.8417818740399385,
    0.8440860215053764,
    0.8394777265745008,
    0.8417818740399385,
    0.8387096774193549,
    0.8417818740399385,
    0.8456221198156681,
    0.8448540706605223,
    0.8517665130568356
  ]
}