{
  "train_loss": [
    2.0020240507388105,
    0.6832840690282234,
    0.45753189853657694,
    0.3443731295106518,
    0.2770978146205521,
    0.23033074789987096,
    0.19638227475213588,
    0.1590002153823899,
    0.14563084724126882,
    0.13148144795379155,
    0.1177465285478344,
    0.1071397954346261,
    0.10026725102262012,
    0.08622977993407047,
    0.08804116435637294,
    0.0828326956951577,
    0.07611735401530645,
    0.07088172775348957,
    0.0736849454332621,
    0.06812568973438873,
    0.06673650925087414,
    0.06348803043169185,
    0.05980333014795145,
    0.06238183531485082,
    0.06261408121797254
  ],
  "train_acc": [
    0.5942697184258192,
    0.8585542565453648,
    0.9020253581425984,
    0.9291947966408695,
    0.9436851638399473,
    0.954223612712004,
    0.9617981228387946,
    0.971348592129096,
    0.9761238267742467,
    0.9789231022558867,
    0.9832043471101597,
    0.9853449695372962,
    0.9850156430100444,
    0.9906141939733245,
    0.9884735715461881,
    0.9896262143915693,
    0.9925901531368352,
    0.9922608266095834,
    0.9912728470278281,
    0.9937427959822164,
    0.9932488061913387,
    0.9934134694549646,
    0.9945661123003458,
    0.9947307755639717,
    0.9937427959822164
  ],
  "val_loss": [
    0.971554693172238,
    0.707927371316608,
    0.6414418001694979,
    0.6241537253794399,
    0.5898903450841362,
    0.5721532594406843,
    0.5728721350385663,
    0.5822953296147184,
    0.5700178006277655,
    0.5787014626138222,
    0.5740053083307,
    0.5633414770417865,
    0.5841895406879771,
    0.5733931468379113,
    0.5700320520891755,
    0.5612122103365885,
    0.5939425487305895,
    0.5700000497968881,
    0.5730193077877004,
    0.5636133984669746,
    0.5654770969978309,
    0.5727194638296207,
    0.56795010945764,
    0.5714073789101409,
    0.5620803751520663
  ],
  "val_acc": [
    0.7795698924731183,
    0.8241167434715821,
    0.837173579109063,
    0.84715821812596,
    0.8517665130568356,
    0.847926267281106,
    0.8548387096774194,
    0.8486943164362519,
    0.857910906298003,
    0.8486943164362519,
    0.8571428571428571,
    0.8617511520737328,
    0.8517665130568356,
    0.8609831029185868,
    0.8563748079877113,
    0.8663594470046083,
    0.8556067588325653,
    0.8602150537634409,
    0.8602150537634409,
    0.8640552995391705,
    0.8609831029185868,
    0.8548387096774194,
    0.8571428571428571,
    0.8525345622119815,
    0.8617511520737328
  ]
}