{
  "train_loss": [
    2.831089954958821,
    1.5316417047264115,
    1.214693654472738,
    1.037499707327748,
    0.9215265865501022,
    0.8339602009539115,
    0.7538209560673966,
    0.6912546153027713,
    0.6725801322520241,
    0.6304259823747783,
    0.5894216628045594,
    0.5602252243496766,
    0.5387916782042467,
    0.5085559082290358,
    0.4980307935480818,
    0.4812508280206979,
    0.45811997757659956,
    0.4390273727225095,
    0.44593307303769886,
    0.4227545970494795,
    0.42848659314493676,
    0.41356914253068405,
    0.41106854434384754,
    0.4185687486489012,
    0.40574436181462736
  ],
  "train_acc": [
    0.4134694549645974,
    0.6321422690597728,
    0.7067347274822987,
    0.7413140128437345,
    0.763708216696855,
    0.7862670838136012,
    0.8063560019759591,
    0.8210110324386629,
    0.8233163181294253,
    0.8371480322739997,
    0.845216532191668,
    0.8585542565453648,
    0.8565782973818541,
    0.8704100115264285,
    0.8737032767989461,
    0.8797958175531039,
    0.8819364399802404,
    0.8858883583072616,
    0.8863823480981393,
    0.8932982051704265,
    0.8904989296887864,
    0.8974147867610736,
    0.8988967561337066,
    0.8949448378066853,
    0.9003787255063396
  ],
  "val_loss": [
    1.9506914454487978,
    1.692925007478799,
    1.586401909360871,
    1.5844589546895065,
    1.5498795804157053,
    1.519388449723087,
    1.5322713775019492,
    1.5695372140535744,
    1.5520596727614395,
    1.5469486079823953,
    1.5845360613089003,
    1.5537712493433564,
    1.594951887467673,
    1.5571897300890147,
    1.5561903054080617,
    1.5676068589434646,
    1.61325878554958,
    1.560361886354086,
    1.5853616663937196,
    1.5632970475930772,
    1.567826257506457,
    1.5681125029990202,
    1.5541457023854996,
    1.5603979827804684,
    1.5800626541612335
  ],
  "val_acc": [
    0.565284178187404,
    0.6182795698924731,
    0.6436251920122887,
    0.6390168970814132,
    0.6443932411674347,
    0.6482334869431644,
    0.662826420890937,
    0.6374807987711214,
    0.6582181259600615,
    0.6566820276497696,
    0.6582181259600615,
    0.6543778801843319,
    0.6582181259600615,
    0.6643625192012289,
    0.662826420890937,
    0.6574500768049155,
    0.6582181259600615,
    0.6658986175115207,
    0.6643625192012289,
    0.6697388632872504,
    0.6597542242703534,
    0.6651305683563749,
    0.663594470046083,
    0.662826420890937,
    0.6666666666666666
  ]
}