{
  "train_loss": [
    2.0018399724374585,
    0.6825632880198471,
    0.4564710841399921,
    0.3430334756397129,
    0.27549862025421257,
    0.22850732321050599,
    0.1943728386614795,
    0.15683178157571237,
    0.14331810621959695,
    0.129068299301095,
    0.11520948736912608,
    0.10449176657470745,
    0.09758038824970397,
    0.08351801797347663,
    0.085254991744508,
    0.07998227085639083,
    0.07326992364499393,
    0.0680872975243938,
    0.0707840887265623,
    0.06526189995139822,
    0.063843851300837,
    0.060698508780781486,
    0.057033524104904226,
    0.059584953541096525,
    0.0598937824592988
  ],
  "train_acc": [
    0.5942697184258192,
    0.8587189198089906,
    0.9020253581425984,
    0.9290301333772435,
    0.9440144903671991,
    0.954223612712004,
    0.9617981228387946,
    0.9715132553927219,
    0.9766178165651244,
    0.9794170920467644,
    0.9836983369010374,
    0.985674296064548,
    0.9851803062736704,
    0.9906141939733245,
    0.9886382348098139,
    0.9896262143915693,
    0.992754816400461,
    0.9922608266095834,
    0.9912728470278281,
    0.9937427959822164,
    0.9932488061913387,
    0.9937427959822164,
    0.9947307755639717,
    0.9947307755639717,
    0.9937427959822164
  ],
  "val_loss": [
    0.9711691197894868,
    0.707439969395346,
    0.6408539183678166,
    0.6236043674971468,
    0.589436762618579,
    0.5716619465025156,
    0.5724470466146454,
    0.5822349191627562,
    0.5700739072764525,
    0.5786436138797648,
    0.5746543655563976,
    0.5639221562035439,
    0.5851216664145802,
    0.5747678628714953,
    0.571375362060037,
    0.5632907798579578,
    0.595974538641225,
    0.5720462070265856,
    0.5750426468761286,
    0.5659838804085316,
    0.567958666523847,
    0.5748586858838751,
    0.5700897557944197,
    0.5735848086403995,
    0.5648166459460046
  ],
  "val_acc": [
    0.7795698924731183,
    0.8241167434715821,
    0.837173579109063,
    0.847926267281106,
    0.8517665130568356,
    0.847926267281106,
    0.8548387096774194,
    0.8494623655913979,
    0.857910906298003,
    0.8486943164362519,
    0.8563748079877113,
    0.8617511520737328,
    0.8502304147465438,
    0.8617511520737328,
    0.8563748079877113,
    0.8655913978494624,
    0.8556067588325653,
    0.8617511520737328,
    0.8594470046082949,
    0.8632872503840245,
    0.8609831029185868,
    0.8540706605222734,
    0.8563748079877113,
    0.8533026113671275,
    0.8617511520737328
  ]
}