{
  "train_loss": [
    3.1661352532592653,
    1.9480040003514145,
    1.4027233693424215,
    1.0953896559876704,
    0.8951662377629624,
    0.7663000592207097,
    0.6727718959112998,
    0.6013749059962614,
    0.5500606672926356,
    0.5171603749675019,
    0.48564313927985253,
    0.4589384378582882,
    0.43735268665914695,
    0.4186884343143195,
    0.41375793773535546,
    0.40309496425373165,
    0.39549152474318583,
    0.3815582066985384,
    0.379030955082185,
    0.3745318677502724,
    0.37294487265764775,
    0.3681787945834373,
    0.3659795606556391,
    0.3716953484049822,
    0.36685723978115153
  ],
  "train_acc": [
    0.3566606290136671,
    0.6548657994401449,
    0.7732586859871563,
    0.8383006751193809,
    0.8709040013173062,
    0.8956034908611888,
    0.9079532356331302,
    0.9171743783961798,
    0.9255722048410999,
    0.9301827762226247,
    0.9336407047587684,
    0.938415939403919,
    0.9418738679400626,
    0.9438498271035732,
    0.9430265107854438,
    0.9413798781491849,
    0.9450024699489544,
    0.9468137658488391,
    0.9476370821669685,
    0.9515890004939898,
    0.9479664086942203,
    0.9504363576486086,
    0.9492837148032274,
    0.9494483780668533,
    0.9479664086942203
  ],
  "val_loss": [
    2.2904928276249525,
    1.5761473374798918,
    1.198401370539277,
    0.9810365297461069,
    0.8320405674603312,
    0.7447528017830739,
    0.6571557037475105,
    0.6218600988204944,
    0.5864546107623251,
    0.566630090619745,
    0.5397703769386456,
    0.5198239011149253,
    0.5108905540358636,
    0.49481977158427787,
    0.4912506422047974,
    0.47130155998257817,
    0.47406775830528153,
    0.4691569169270827,
    0.46054712189690494,
    0.46348451199253216,
    0.4561020893984676,
    0.46777706894273946,
    0.46671050571809347,
    0.4728618530633812,
    0.4661611447228082
  ],
  "val_acc": [
    0.5591397849462365,
    0.7350230414746544,
    0.8026113671274961,
    0.8225806451612904,
    0.8648233486943164,
    0.8755760368663594,
    0.8940092165898618,
    0.8870967741935484,
    0.8963133640552995,
    0.901689708141321,
    0.901689708141321,
    0.9055299539170507,
    0.901689708141321,
    0.9055299539170507,
    0.9039938556067588,
    0.9078341013824884,
    0.9078341013824884,
    0.9109062980030722,
    0.9047619047619048,
    0.9062980030721967,
    0.9039938556067588,
    0.9086021505376344,
    0.9070660522273426,
    0.9101382488479263,
    0.9101382488479263
  ]
}