{
  "train_loss": [
    1.9656357646636233,
    0.6981666828230423,
    0.5173284882437588
  ],
  "train_acc": [
    0.6020088918162358,
    0.85674296064548,
    0.8980734398155772
  ],
  "val_loss": [
    1.0572778946060555,
    0.8166172276444149,
    0.7658630691915064
  ],
  "val_acc": [
    0.7626728110599078,
    0.7964669738863287,
    0.8233486943164362
  ]
}