{
  "train_loss": [
    2.8310840796073813,
    1.5311865225157038,
    1.2139162627531397,
    1.0364418256700911,
    0.9201828466791818,
    0.8323469614837348,
    0.7519546920829602,
    0.6891454122966701,
    0.6704059127192511,
    0.6280995031057188,
    0.5868720063832649,
    0.5575980305593174,
    0.5360290042046324,
    0.5056789531339516,
    0.495139557354811,
    0.4782126943303081,
    0.4551292399333098,
    0.43607249710246954,
    0.4429540259381132,
    0.4196029917404323,
    0.42545790040628456,
    0.4105225731587265,
    0.40798674856793954,
    0.41538917078583987,
    0.4026380722396715
  ],
  "train_acc": [
    0.4134694549645974,
    0.6323069323233986,
    0.7068993907459246,
    0.7414786761073604,
    0.763543553433229,
    0.7867610736044789,
    0.8065206652395851,
    0.8211756957022888,
    0.8233163181294253,
    0.8374773588012514,
    0.8460398485097974,
    0.858224930018113,
    0.8564136341182282,
    0.871068664580932,
    0.8737032767989461,
    0.8797958175531039,
    0.8824304297711181,
    0.8858883583072616,
    0.8870410011526428,
    0.894121521488556,
    0.8908282562160382,
    0.8974147867610736,
    0.8990614193973324,
    0.8949448378066853,
    0.9008727152972172
  ],
  "val_loss": [
    1.9505971972294118,
    1.6929267368375247,
    1.586479360240579,
    1.5848756323578537,
    1.550457837211738,
    1.5202878217360207,
    1.5337725194734728,
    1.5713401792968655,
    1.5543979023641887,
    1.5497367729972218,
    1.5876965281051425,
    1.5570884490708967,
    1.5990188484367687,
    1.5613425979233375,
    1.5607128608428205,
    1.5726046349778886,
    1.618951824220461,
    1.5658702238730389,
    1.5911057683912473,
    1.5690572031082646,
    1.5737037816172188,
    1.5739195024546024,
    1.5599102893366426,
    1.5664343841248027,
    1.5865892312859977
  ],
  "val_acc": [
    0.565284178187404,
    0.6182795698924731,
    0.6428571428571429,
    0.6390168970814132,
    0.6451612903225806,
    0.6482334869431644,
    0.662826420890937,
    0.6374807987711214,
    0.6574500768049155,
    0.6574500768049155,
    0.6582181259600615,
    0.6543778801843319,
    0.6582181259600615,
    0.663594470046083,
    0.662826420890937,
    0.6589861751152074,
    0.6582181259600615,
    0.6658986175115207,
    0.6651305683563749,
    0.6697388632872504,
    0.6605222734254992,
    0.6658986175115207,
    0.662826420890937,
    0.663594470046083,
    0.6658986175115207
  ]
}