{
  "train_loss": [
    3.1779432525239035,
    1.9443962218516861,
    1.395702383378065,
    1.0804675083546706,
    0.8839408977801573,
    0.7516839355353016,
    0.6576192243358713,
    0.5861593881195938,
    0.5365501443381445,
    0.5009147369074464,
    0.4690812861440446,
    0.4417969266174457,
    0.42156472947910395,
    0.4030879611888906,
    0.39506546075587884,
    0.3832942673299451,
    0.373164151378544,
    0.36297966732963904,
    0.3602891224486302,
    0.35533441253535225,
    0.3556971247155368,
    0.3502169368776638,
    0.34696360009222627,
    0.35136573989034464,
    0.3489984893414092
  ],
  "train_acc": [
    0.3566606290136671,
    0.6599703606125473,
    0.7719413798781491,
    0.8419232669191503,
    0.876831878807838,
    0.9000493989790878,
    0.9150337559690433,
    0.9275481640046106,
    0.9331467149678907,
    0.9357813271859048,
    0.9418738679400626,
    0.9443438168944508,
    0.9468137658488391,
    0.9504363576486086,
    0.9504363576486086,
    0.9525769800757451,
    0.9537296229211263,
    0.9532356331302486,
    0.9553762555573851,
    0.9552115922937593,
    0.9552115922937593,
    0.9591635106207805,
    0.9580108677753993,
    0.9563642351391405,
    0.9586695208299029
  ],
  "val_loss": [
    2.2729287587003224,
    1.5474713903418333,
    1.1750615968865368,
    0.9500040702189901,
    0.8126313011584011,
    0.7207975352780976,
    0.6445322743575511,
    0.6076619073908817,
    0.5748794287580499,
    0.550031349497823,
    0.5327357748686443,
    0.5041513280934452,
    0.50013689291642,
    0.4844245826410625,
    0.47966791764931743,
    0.4651408527395509,
    0.46709807695514777,
    0.45862455938452035,
    0.4523966754178664,
    0.4515518107538765,
    0.4454238245838798,
    0.4586906351160527,
    0.4568428800494257,
    0.46311614315630656,
    0.45529668099502996
  ],
  "val_acc": [
    0.5483870967741935,
    0.7411674347158218,
    0.804915514592934,
    0.8433179723502304,
    0.8640552995391705,
    0.879416282642089,
    0.8894009216589862,
    0.8924731182795699,
    0.8940092165898618,
    0.9024577572964669,
    0.901689708141321,
    0.9070660522273426,
    0.9078341013824884,
    0.9086021505376344,
    0.9093701996927803,
    0.9124423963133641,
    0.9109062980030722,
    0.9132104454685099,
    0.9147465437788018,
    0.9132104454685099,
    0.9162826420890937,
    0.9139784946236559,
    0.9116743471582182,
    0.9132104454685099,
    0.9124423963133641
  ]
}