{
  "train_loss": [
    3.0960746182457886,
    1.7707594083283185,
    1.146473325645435,
    0.8018981744454756,
    0.6050778156290254,
    0.49340033923776777,
    0.41795667938712633,
    0.3666270148336014,
    0.3301932139135989,
    0.30104508631393895,
    0.28039063985611173,
    0.26657736625307066,
    0.25403038176166426,
    0.2443966500187517,
    0.2331207795530219,
    0.22806213248478763,
    0.22250842935472073,
    0.21694120250196958,
    0.21432168573440447,
    0.21048760257579144,
    0.2121740337721936,
    0.20953908409796337,
    0.2073591134800621,
    0.20924651592101293,
    0.20680188617418924
  ],
  "train_acc": [
    0.48740326033261977,
    0.8289148690927054,
    0.8898402766342829,
    0.9163510620780504,
    0.9275481640046106,
    0.9408858883583072,
    0.9496130413304792,
    0.955540918821011,
    0.9596575004116582,
    0.9614687963115429,
    0.9629507656841758,
    0.9650913881113123,
    0.9644327350568088,
    0.9665733574839454,
    0.9680553268565782,
    0.9687139799110819,
    0.9692079697019594,
    0.9685493166474559,
    0.9721719084472255,
    0.971348592129096,
    0.9711839288654701,
    0.9729952247653548,
    0.9715132553927219,
    0.9720072451835995,
    0.9711839288654701
  ],
  "val_loss": [
    2.240460890595631,
    1.45072753015568,
    1.015065715975842,
    0.7743435188921916,
    0.6318018573769776,
    0.5442193851859156,
    0.48462659047312817,
    0.44403937138536925,
    0.41441955104950934,
    0.3909066104760734,
    0.37308878228411696,
    0.36001624842210117,
    0.3489094764772465,
    0.3406974052046118,
    0.3340296483442714,
    0.32862560000104657,
    0.3244792920195379,
    0.3211648823570363,
    0.31897584391262856,
    0.31720480885923186,
    0.31593210631251883,
    0.315157949924469,
    0.314684821667576,
    0.31448053860444625,
    0.3144328109405008
  ],
  "val_acc": [
    0.7365591397849462,
    0.8502304147465438,
    0.8878648233486943,
    0.9024577572964669,
    0.9124423963133641,
    0.9178187403993856,
    0.9231950844854071,
    0.9324116743471582,
    0.9331797235023042,
    0.9377880184331797,
    0.9408602150537635,
    0.9408602150537635,
    0.9416282642089093,
    0.9408602150537635,
    0.9416282642089093,
    0.9423963133640553,
    0.9423963133640553,
    0.9416282642089093,
    0.9416282642089093,
    0.9416282642089093,
    0.9416282642089093,
    0.9416282642089093,
    0.9416282642089093,
    0.9416282642089093,
    0.9416282642089093
  ]
}