{
  "train_loss": [
    1.4115120511990922
  ],
  "train_acc": [
    0.7628849003787255
  ],
  "val_loss": [
    0.5352571167154796
  ],
  "val_acc": [
    0.8870967741935484
  ]
}