{
  "train_loss": [
    1.1266166643768172,
    0.18762618615896998,
    0.10164995971688638,
    0.06453337843264423,
    0.047934234664322575,
    0.036315929448263035,
    0.030364123805952527,
    0.026615518334042725,
    0.022047838794854824,
    0.018509907198331607,
    0.0169853496630706,
    0.016243282599424032,
    0.014731718526002054,
    0.014808633370104445,
    0.013210491864932353,
    0.012102646653664803,
    0.012194560672189178,
    0.011587952607934389,
    0.01061791070623769,
    0.009951493603148384,
    0.010294860121394557,
    0.010124317418048414,
    0.009631641125700608,
    0.009708776729291518,
    0.009891947167797486
  ],
  "train_acc": [
    0.8317141445743454,
    0.9617981228387946,
    0.9822163675284045,
    0.9896262143915693,
    0.9930841429277129,
    0.9960480816729788,
    0.9965420714638564,
    0.9963774082002306,
    0.9978593775728635,
    0.9983533673637411,
    0.9983533673637411,
    0.998682693890993,
    0.9990120204182447,
    0.9983533673637411,
    0.9990120204182447,
    0.9990120204182447,
    0.9993413469454965,
    0.9996706734727482,
    0.9995060102091223,
    0.9998353367363741,
    0.9990120204182447,
    0.9996706734727482,
    0.9996706734727482,
    0.9995060102091223,
    0.9988473571546188
  ],
  "val_loss": [
    0.3300794451375894,
    0.23082782923259676,
    0.19221497570864066,
    0.18643088277126055,
    0.17167253093007157,
    0.1662961317257764,
    0.1560916584414271,
    0.15533971646872166,
    0.153675271344075,
    0.1527806360577841,
    0.14900538815148232,
    0.14683169290171608,
    0.14576703928033327,
    0.14590344141979922,
    0.14534571854978479,
    0.14629662310427052,
    0.14532142480443333,
    0.14442709094047912,
    0.1452277633726322,
    0.1455844622076748,
    0.145353697801149,
    0.14458442530873733,
    0.14409714989856276,
    0.14433157997929738,
    0.14431837439170814
  ],
  "val_acc": [
    0.9354838709677419,
    0.9477726574500768,
    0.9554531490015361,
    0.9531490015360983,
    0.9546850998463902,
    0.9585253456221198,
    0.9615975422427036,
    0.9600614439324117,
    0.9585253456221198,
    0.9600614439324117,
    0.9554531490015361,
    0.9585253456221198,
    0.9600614439324117,
    0.9600614439324117,
    0.9592933947772657,
    0.9585253456221198,
    0.9592933947772657,
    0.9592933947772657,
    0.9592933947772657,
    0.9585253456221198,
    0.9592933947772657,
    0.9585253456221198,
    0.9592933947772657,
    0.9592933947772657,
    0.9592933947772657
  ]
}