{
  "train_loss": [
    1.126341506429035,
    0.1870094635661108,
    0.10080686036148319,
    0.06355383867027092,
    0.046895128588773226,
    0.035145664283054656,
    0.029160615569877698,
    0.02534112288199013,
    0.020676295499817438,
    0.017090086377549853,
    0.015521522937181502,
    0.014694117566010282,
    0.01316804698274759,
    0.013179168467655737,
    0.011582885806278687,
    0.010426660971208443,
    0.010473268599154803,
    0.009850280160639817,
    0.008879000214564175,
    0.008274461848610084,
    0.008583334132276932,
    0.00836931413802351,
    0.007936964858775425,
    0.007999746784507718,
    0.00821814813566646
  ],
  "train_acc": [
    0.8315494813107196,
    0.9619627861024206,
    0.9822163675284045,
    0.989955540918821,
    0.9929194796640869,
    0.9962127449366046,
    0.9967067347274823,
    0.9967067347274823,
    0.9978593775728635,
    0.9983533673637411,
    0.9983533673637411,
    0.998682693890993,
    0.9991766836818706,
    0.998682693890993,
    0.9991766836818706,
    0.9990120204182447,
    0.9993413469454965,
    0.9996706734727482,
    0.9995060102091223,
    0.9998353367363741,
    0.9991766836818706,
    0.9996706734727482,
    0.9996706734727482,
    0.9995060102091223,
    0.9990120204182447
  ],
  "val_loss": [
    0.32962038668985555,
    0.23018370834272212,
    0.1913824321762208,
    0.18547142028076125,
    0.17057984794980735,
    0.1652043668607596,
    0.15495494673008559,
    0.15408002098767623,
    0.15232622124449266,
    0.15143097426667923,
    0.14771736829832036,
    0.14556290209293365,
    0.1444681050705104,
    0.14475027413412173,
    0.14416853502140983,
    0.14515048192210278,
    0.14410598371206523,
    0.14327001240899853,
    0.14411678869054065,
    0.14445364995989748,
    0.1442849976675851,
    0.14358977687340543,
    0.14313099033180654,
    0.14335171206526676,
    0.14333893084031646
  ],
  "val_acc": [
    0.9354838709677419,
    0.9477726574500768,
    0.9554531490015361,
    0.9531490015360983,
    0.9546850998463902,
    0.9592933947772657,
    0.9615975422427036,
    0.9600614439324117,
    0.9585253456221198,
    0.9608294930875576,
    0.956989247311828,
    0.9585253456221198,
    0.9600614439324117,
    0.9592933947772657,
    0.9585253456221198,
    0.9577572964669739,
    0.9592933947772657,
    0.9592933947772657,
    0.9592933947772657,
    0.9585253456221198,
    0.9592933947772657,
    0.9585253456221198,
    0.9585253456221198,
    0.9585253456221198,
    0.9585253456221198
  ]
}