{
  "model": "vit_b16",
  "image_size": 224,
  "augment": true,
  "optimizer": "sgd",
  "test_accuracy": 0.9377880184331797,
  "top5_accuracy": 0.9930875576036866,
  "precision_macro": 0.9236802054333162,
  "precision_weighted": 0.9405907460458355,
  "recall_macro": 0.9117154720184024,
  "recall_weighted": 0.9377880184331797,
  "f1_macro": 0.912576732010656,
  "f1_weighted": 0.935979649018448,
  "per_class_accuracy": {
    "Faces": 0.9393939393939394,
    "Faces_easy": 0.8939393939393939,
    "Leopards": 1.0,
    "Motorbikes": 0.9916666666666667,
    "accordion": 1.0,
    "airplanes": 1.0,
    "anchor": 1.0,
    "ant": 1.0,
    "barrel": 0.8571428571428571,
    "bass": 1.0,
    "beaver": 0.7142857142857143,
    "binocular": 1.0,
    "bonsai": 0.9473684210526315,
    "brain": 0.9333333333333333,
    "brontosaurus": 0.8333333333333334,
    "buddha": 0.9230769230769231,
    "butterfly": 0.8571428571428571,
    "camera": 1.0,
    "cannon": 1.0,
    "car_side": 1.0,
    "ceiling_fan": 0.5714285714285714,
    "cellphone": 0.8888888888888888,
    "chair": 1.0,
    "chandelier": 0.9375,
    "cougar_body": 1.0,
    "cougar_face": 0.9,
    "crab": 0.9090909090909091,
    "crayfish": 0.9,
    "crocodile": 0.75,
    "crocodile_head": 0.8571428571428571,
    "cup": 1.0,
    "dalmatian": 1.0,
    "dollar_bill": 1.0,
    "dolphin": 1.0,
    "dragonfly": 0.9,
    "electric_guitar": 0.9090909090909091,
    "elephant": 0.9,
    "emu": 1.0,
    "euphonium": 0.8888888888888888,
    "ewer": 1.0,
    "ferry": 1.0,
    "flamingo": 1.0,
    "flamingo_head": 0.8571428571428571,
    "garfield": 1.0,
    "gerenuk": 0.8,
    "gramophone": 1.0,
    "grand_piano": 1.0,
    "hawksbill": 1.0,
    "headphone": 0.7142857142857143,
    "hedgehog": 1.0,
    "helicopter": 1.0,
    "ibis": 1.0,
    "inline_skate": 1.0,
    "joshua_tree": 1.0,
    "kangaroo": 1.0,
    "ketch": 0.9411764705882353,
    "lamp": 0.8888888888888888,
    "laptop": 1.0,
    "llama": 1.0,
    "lobster": 0.8333333333333334,
    "lotus": 0.4,
    "mandolin": 0.8333333333333334,
    "mayfly": 0.6666666666666666,
    "menorah": 0.9230769230769231,
    "metronome": 0.8,
    "minaret": 0.9090909090909091,
    "nautilus": 1.0,
    "octopus": 0.8,
    "okapi": 1.0,
    "pagoda": 1.0,
    "panda": 1.0,
    "pigeon": 1.0,
    "pizza": 1.0,
    "platypus": 1.0,
    "pyramid": 0.875,
    "revolver": 0.9230769230769231,
    "rhino": 0.8888888888888888,
    "rooster": 0.75,
    "saxophone": 1.0,
    "schooner": 0.3333333333333333,
    "scissors": 1.0,
    "scorpion": 1.0,
    "sea_horse": 0.875,
    "snoopy": 0.6,
    "soccer_ball": 1.0,
    "stapler": 0.8571428571428571,
    "starfish": 1.0,
    "stegosaurus": 1.0,
    "stop_sign": 1.0,
    "strawberry": 1.0,
    "sunflower": 1.0,
    "tick": 1.0,
    "trilobite": 1.0,
    "umbrella": 1.0,
    "watch": 1.0,
    "water_lilly": 0.5,
    "wheelchair": 1.0,
    "wild_cat": 0.8,
    "windsor_chair": 0.8888888888888888,
    "wrench": 0.3333333333333333,
    "yin_yang": 0.8888888888888888
  },
  "per_class": {
    "Faces": {
      "precision": 0.8985507246376812,
      "recall": 0.9393939393939394,
      "f1": 0.9185185185185185,
      "support": 66
    },
    "Faces_easy": {
      "precision": 0.9365079365079365,
      "recall": 0.8939393939393939,
      "f1": 0.9147286821705426,
      "support": 66
    },
    "Leopards": {
      "precision": 0.967741935483871,
      "recall": 1.0,
      "f1": 0.9836065573770492,
      "support": 30
    },
    "Motorbikes": {
      "precision": 1.0,
      "recall": 0.9916666666666667,
      "f1": 0.99581589958159,
      "support": 120
    },
    "accordion": {
      "precision": 1.0,
      "recall": 1.0,
      "f1": 1.0,
      "support": 8
    },
    "airplanes": {
      "precision": 1.0,
      "recall": 1.0,
      "f1": 1.0,
      "support": 120
    },
    "anchor": {
      "precision": 0.6666666666666666,
      "recall": 1.0,
      "f1": 0.8,
      "support": 6
    },
    "ant": {
      "precision": 1.0,
      "recall": 1.0,
      "f1": 1.0,
      "support": 6
    },
    "barrel": {
      "precision": 1.0,
      "recall": 0.8571428571428571,
      "f1": 0.9230769230769231,
      "support": 7
    },
    "bass": {
      "precision": 1.0,
      "recall": 1.0,
      "f1": 1.0,
      "support": 8
    },
    "beaver": {
      "precision": 1.0,
      "recall": 0.7142857142857143,
      "f1": 0.8333333333333334,
      "support": 7
    },
    "binocular": {
      "precision": 1.0,
      "recall": 1.0,
      "f1": 1.0,
      "support": 5
    },
    "bonsai": {
      "precision": 1.0,
      "recall": 0.9473684210526315,
      "f1": 0.972972972972973,
      "support": 19
    },
    "brain": {
      "precision": 0.8235294117647058,
      "recall": 0.9333333333333333,
      "f1": 0.875,
      "support": 15
    },
    "brontosaurus": {
      "precision": 0.7142857142857143,
      "recall": 0.8333333333333334,
      "f1": 0.7692307692307693,
      "support": 6
    },
    "buddha": {
      "precision": 1.0,
      "recall": 0.9230769230769231,
      "f1": 0.96,
      "support": 13
    },
    "butterfly": {
      "precision": 0.75,
      "recall": 0.8571428571428571,
      "f1": 0.8,
      "support": 14
    },
    "camera": {
      "precision": 0.875,
      "recall": 1.0,
      "f1": 0.9333333333333333,
      "support": 7
    },
    "cannon": {
      "precision": 1.0,
      "recall": 1.0,
      "f1": 1.0,
      "support": 6
    },
    "car_side": {
      "precision": 1.0,
      "recall": 1.0,
      "f1": 1.0,
      "support": 19
    },
    "ceiling_fan": {
      "precision": 1.0,
      "recall": 0.5714285714285714,
      "f1": 0.7272727272727273,
      "support": 7
    },
    "cellphone": {
      "precision": 0.8888888888888888,
      "recall": 0.8888888888888888,
      "f1": 0.8888888888888888,
      "support": 9
    },
    "chair": {
      "precision": 0.8333333333333334,
      "recall": 1.0,
      "f1": 0.9090909090909091,
      "support": 10
    },
    "chandelier": {
      "precision": 0.8333333333333334,
      "recall": 0.9375,
      "f1": 0.8823529411764706,
      "support": 16
    },
    "cougar_body": {
      "precision": 0.875,
      "recall": 1.0,
      "f1": 0.9333333333333333,
      "support": 7
    },
    "cougar_face": {
      "precision": 1.0,
      "recall": 0.9,
      "f1": 0.9473684210526315,
      "support": 10
    },
    "crab": {
      "precision": 1.0,
      "recall": 0.9090909090909091,
      "f1": 0.9523809523809523,
      "support": 11
    },
    "crayfish": {
      "precision": 0.9,
      "recall": 0.9,
      "f1": 0.9,
      "support": 10
    },
    "crocodile": {
      "precision": 0.75,
      "recall": 0.75,
      "f1": 0.75,
      "support": 8
    },
    "crocodile_head": {
      "precision": 0.8571428571428571,
      "recall": 0.8571428571428571,
      "f1": 0.8571428571428571,
      "support": 7
    },
    "cup": {
      "precision": 1.0,
      "recall": 1.0,
      "f1": 1.0,
      "support": 8
    },
    "dalmatian": {
      "precision": 1.0,
      "recall": 1.0,
      "f1": 1.0,
      "support": 10
    },
    "dollar_bill": {
      "precision": 0.8888888888888888,
      "recall": 1.0,
      "f1": 0.9411764705882353,
      "support": 8
    },
    "dolphin": {
      "precision": 1.0,
      "recall": 1.0,
      "f1": 1.0,
      "support": 10
    },
    "dragonfly": {
      "precision": 0.75,
      "recall": 0.9,
      "f1": 0.8181818181818182,
      "support": 10
    },
    "electric_guitar": {
      "precision": 0.9090909090909091,
      "recall": 0.9090909090909091,
      "f1": 0.9090909090909091,
      "support": 11
    },
    "elephant": {
      "precision": 1.0,
      "recall": 0.9,
      "f1": 0.9473684210526315,
      "support": 10
    },
    "emu": {
      "precision": 1.0,
      "recall": 1.0,
      "f1": 1.0,
      "support": 8
    },
    "euphonium": {
      "precision": 0.8888888888888888,
      "recall": 0.8888888888888888,
      "f1": 0.8888888888888888,
      "support": 9
    },
    "ewer": {
      "precision": 1.0,