{
  "train_loss": [
    1.1208562887904476,
    0.17373416814618775,
    0.08533780665191928,
    0.0509830468956724,
    0.036619177809828256,
    0.02770668888308455,
    0.02236983363304846,
    0.018804735999272838,
    0.015982871055026413,
    0.013652703290501271,
    0.012266861940090766,
    0.011117070934784465,
    0.010102029883227759,
    0.009327581622658511,
    0.008801681122828624,
    0.00825324295599013,
    0.0078073449198370675,
    0.007537661610876937,
    0.007261343752585319,
    0.007024455808039289,
    0.006876310036485016,
    0.006749437620061887,
    0.0066662476834037955,
    0.006605921807275187,
    0.00657577436569469
  ],
  "train_acc": [
    0.8330314506833525,
    0.9665733574839454,
    0.9879795817553104,
    0.9950601020912234,
    0.9963774082002306,
    0.9980240408364894,
    0.9983533673637411,
    0.998682693890993,
    0.9990120204182447,
    0.9995060102091223,
    0.9996706734727482,
    0.9996706734727482,
    1.0,
    0.9998353367363741,
    0.9998353367363741,
    0.9998353367363741,
    1.0,
    1.0,
    1.0,
    1.0,
    1.0,
    1.0,
    1.0,
    1.0,
    1.0
  ],
  "val_loss": [
    0.3266856419051298,
    0.22354163936755625,
    0.1921959409287082,
    0.17985256794502474,
    0.1682360470981642,
    0.1626458495809552,
    0.15899977450775477,
    0.15648330705735358,
    0.1561066035278565,
    0.15514443145232268,
    0.15509482505180502,
    0.15179995199044546,
    0.1506758965036836,
    0.1514530059425146,
    0.15112565677561518,
    0.150564515702827,
    0.14923818805433822,
    0.1495049747820091,
    0.14973033857052592,
    0.15045129602772117,
    0.1498179618961617,
    0.14949364846889873,
    0.14948238613235604,
    0.14946723917067142,
    0.14945928865726094
  ],
  "val_acc": [
    0.934715821812596,
    0.9470046082949308,
    0.9546850998463902,
    0.9531490015360983,
    0.9546850998463902,
    0.9600614439324117,
    0.9608294930875576,
    0.9600614439324117,
    0.9608294930875576,
    0.9592933947772657,
    0.9585253456221198,
    0.9608294930875576,
    0.9608294930875576,
    0.9615975422427036,
    0.9615975422427036,
    0.9615975422427036,
    0.9623655913978495,
    0.9623655913978495,
    0.9615975422427036,
    0.9608294930875576,
    0.9608294930875576,
    0.9615975422427036,
    0.9608294930875576,
    0.9608294930875576,
    0.9608294930875576
  ]
}